country	name	name_normalized	caps	goals	most_recent_year_played	position	year_born	club	club_nationality	played_in_latest
Algeria	Anthony Mandrea	anthonymandrea	2	0	2022	GK	1996	SM Caen	FRA	TRUE
Algeria	Raïs M'Bolhi	raismbolhi	91	0	2022	GK	1986	Al Qadsiah FC	KSA	TRUE
Algeria	Alexandre Oukidja	alexandreoukidja	6	0	2022	GK	1988	FC Metz	FRA	TRUE
Algeria	Moustapha Zeghba	moustaphazeghba	5	0	2022	GK	1990	Damac FC	KSA	TRUE
Algeria	Youcef Atal	youcefatal	29	2	2022	DF	1996	OGC Nice	FRA	TRUE
Algeria	Houcine Benayada	houcinebenayada	18	0	2022	DF	1992	Wydad Casablanca	MAR	TRUE
Algeria	Ramy Bensebaini	ramybensebaini	51	6	2022	DF	1995	Borussia Mönchengladbach	GER	TRUE
Algeria	Yanis Hamache	yanishamache	1	0	2022	DF	1999	SC Dnipro-1	UKR	TRUE
Algeria	Aïssa Mandi	aissamandi	80	4	2022	DF	1991	Villarreal CF	ESP	TRUE
Algeria	Ahmed Touba	ahmedtouba	9	1	2022	DF	1998	İstanbul Başakşehir F.K.	TUR	TRUE
Algeria	Mohamed Amine Tougai	mohamedaminetougai	7	1	2022	DF	2000	Espérance Sportive de Tunis	TUN	TRUE
Algeria	Ismaël Bennacer	ismaelbennacer	44	2	2022	MF	1997	A.C. Milan	ITA	TRUE
Algeria	Nabil Bentaleb	nabilbentaleb	39	5	2022	MF	1994	Angers SCO	FRA	TRUE
Algeria	Hicham Boudaoui	hichamboudaoui	11	0	2022	MF	1999	OGC Nice	FRA	TRUE
Algeria	Ramiz Zerrouki	ramizzerrouki	20	1	2022	MF	1998	FC Twente	NED	TRUE
Algeria	Adem Zorgane	ademzorgane	10	0	2022	MF	2000	R. Charleroi S.C.	BEL	TRUE
Algeria	Karim Aribi	karimaribi	2	0	2022	FW	1994	CR Belouizdad	ALG	TRUE
Algeria	Mohamed El Amine Amoura	mohamedelamineamoura	9	2	2022	FW	2000	FC Lugano	SUI	TRUE
Algeria	Youcef Belaïli	youcefbelaili	47	9	2022	FW	1992	AC Ajaccio	FRA	TRUE
Algeria	Saïd Benrahma	saidbenrahma	19	1	2022	FW	1995	West Ham United F.C.	ENG	TRUE
Algeria	Mehdi Léris	mehdileris	2	0	2022	FW	1998	U.C. Sampdoria	ITA	TRUE
Algeria	Riyad Mahrez	riyadmahrez	79	28	2022	FW	1991	Manchester City F.C.	ENG	TRUE
Algeria	Adam Ounas	adamounas	21	5	2022	FW	1996	Lille OSC	FRA	TRUE
Algeria	Islam Slimani	islamslimani	91	41	2022	FW	1988	Stade Brestois 29	FRA	TRUE
Algeria	Akim Zedadka	akimzedadka	1	0	2022	DF	1995	AJ Auxerre	FRA	FALSE
Algeria	Abdelkader Bedrane	abdelkaderbedrane	15	0	2022	DF	1992	Damac FC	KSA	FALSE
Algeria	Djamel Benlamri	djamelbenlamri	33	3	2022	DF	1989	Khaleej FC	KSA	FALSE
Algeria	Mehdi Tahrat	mehditahrat	16	0	2022	DF	1990	Al-Gharafa SC	QAT	FALSE
Algeria	Youcef Laouafi	youceflaouafi	3	0	2022	DF	1996	CR Belouizdad	ALG	FALSE
Algeria	Réda Halaïmia	redahalaimia	6	0	2021	DF	1996	MC Alger	ALG	FALSE
Algeria	Ilyes Chetti	ilyeschetti	10	0	2021	DF	1995	Angers SCO	FRA	FALSE
Algeria	Sofiane Bendebka	sofianebendebka	18	2	2022	MF	1992	Al Fateh SC	KSA	FALSE
Algeria	Abdelkahar Kadri	abdelkaharkadri	1	0	2022	MF	2000	K.V. Kortrijk	BEL	FALSE
Algeria	Sofiane Feghouli	sofianefeghouli	76	19	2022	MF	1989	'Free agent''		FALSE
Algeria	Adlène Guedioura	adleneguedioura	63	2	2022	MF	1985	Al-Rayyan SC	QAT	FALSE
Algeria	Yacine Brahimi	yacinebrahimi	60	11	2021	MF	1990	Al-Gharafa SC	QAT	FALSE
Algeria	Haris Belkebla	harisbelkebla	10	0	2021	MF	1994	Stade Brestois 29	FRA	FALSE
Algeria	Farid Boulaya	faridboulaya	8	1	2021	MF	1993	Al-Gharafa SC	QAT	FALSE
Algeria	Rachid Ghezzal	rachidghezzal	22	2	2022	FW	1992	Beşiktaş J.K.	TUR	FALSE
Algeria	Billal Brahimi	billalbrahimi	4	0	2022	FW	2000	OGC Nice	FRA	FALSE
Algeria	Riad Benayad	riadbenayad	2	1	2022	FW	1996	Espérance Sportive de Tunis	TUN	FALSE
Algeria	Billel Omrani	billelomrani	1	0	2022	FW	1993	FCSB	ROM	FALSE
Algeria	Ishak Belfodil	ishakbelfodil	20	2	2022	FW	1992	Al-Gharafa SC	QAT	FALSE
Algeria	Mohamed Benyettou	mohamedbenyettou	0	0	2022	FW	1989	Al-Wakrah SC	QAT	FALSE
Algeria	Baghdad Bounedjah	baghdadbounedjah	58	24	2021	FW	1991	Al Sadd SC	QAT	FALSE
Benin	Saturnin Allagbé	saturninallagbe	36	0	2022	GK	1993	Dijon FCO	FRA	TRUE
Benin	Marcel Dandjinou	marceldandjinou	2	0	2022	GK	1998	JDR Stars F.C.	RSA	TRUE
Benin	Loukmane Farou Moussa	loukmanefaroumoussa	0	0	2022	GK	2002	Hammarby Talang FF	SWE	TRUE
Benin	Khaled Adénon	khaledadenon	81	2	2022	DF	1985	Doxa Katokopias FC	CYP	TRUE
Benin	David Kiki	davidkiki	37	0	2022	DF	1993	FCV Farul Constanța	ROU	TRUE
Benin	Olivier Verdon	olivierverdon	29	0	2022	DF	1995	PFC Ludogorets Razgrad	BUL	TRUE
Benin	Youssouf Assogba	youssoufassogba	17	0	2022	DF	2001	Amiens SC	FRA	TRUE
Benin	Moïse Adiléhou	moiseadilehou	14	1	2022	DF	1995	Zira FK	AZE	TRUE
Benin	Melvyn Doremus	melvyndoremus	11	0	2022	DF	1996	FC Chambly	FRA	TRUE
Benin	Yohan Roche	yohanroche	8	1	2022	DF	1997	Adanaspor	TUR	TRUE
Benin	Mohamed Tijani	mohamedtijani	1	0	2022	DF	1997	FC Viktoria Plzeň	CZE	TRUE
Benin	Jordan Adéoti	jordanadeoti	44	1	2022	MF	1989	Stade Lavallois	FRA	TRUE
Benin	Sessi D'Almeida	sessidalmeida	24	1	2022	MF	1995	Pau FC	FRA	TRUE
Benin	Mattéo Ahlinvi	matteoahlinvi	11	0	2022	MF	1999	Dijon FCO	FRA	TRUE
Benin	Junior Olaitan	juniorolaitan	10	1	2022	MF	2002	Chamois Niortais F.C.	FRA	TRUE
Benin	Ryan Adigo	ryanadigo	1	0	2022	MF	2001	1. FC Phönix Lübeck	GER	TRUE
Benin	Mickaël Poté	mickaelpote	69	10	2022	FW	1984	Mağusa Türk Gücü S.K.	CYP	TRUE
Benin	Jodel Dossou	jodeldossou	50	7	2022	FW	1992	Clermont Foot	FRA	TRUE
Benin	Steve Mounié	stevemounie	42	13	2022	FW	1994	Stade Brestois 29	FRA	TRUE
Benin	Cebio Soukou	cebiosoukou	21	4	2022	FW	1992	SV Sandhausen	GER	TRUE
Benin	Marcellin Koukpo	marcellinkoukpo	18	2	2022	FW	1995	CS Constantine	ALG	TRUE
Benin	Désiré Segbé Azankpo	desiresegbeazankpo	15	0	2022	FW	1993	FC Bayern Munich II	GER	TRUE
Benin	Tosin Aiyegun	tosinaiyegun	5	2	2022	FW	1998	FC Zürich	SUI	TRUE
Benin	Angel Chibozo	angelchibozo	1	0	2022	FW	2003	Amiens SC	FRA	TRUE
Benin	Guillaume Agbégninou	guillaumeagbegninou	0	0	2022	GK	1999	Coton Sport FC de Garoua	CMR	FALSE
Benin	Cédric Hountondji	cedrichountondji	18	0	2021	DF	1994	Angers SCO	FRA	FALSE
Benin	Djalilou Ouorou	djalilououorou	3	0	2021	DF	1997	ASPAC FC	BEN	FALSE
Benin	Abdou Bourou	abdoubourou	1	0	2021	DF	2000	ASKO Kara	TOG	FALSE
Benin	Rodrigue Kossi	rodriguekossi	9	0	2022	MF	2000	Club Africain	TUN	FALSE
Benin	Jérôme Bonou	jeromebonou	6	0	2021	MF	1994	Coton Sport FC de Garoua	CMR	FALSE
Benin	Tidjani Anaane	tidjanianaane	11	0	2022	FW	1997	Doxa Katokopias FC	TUR	FALSE
Benin	Roland Béakou	rolandbeakou	1	0	2022	FW	2001	ESAE FC	BEN	FALSE
Benin	Charbel Gomez	charbelgomez	16	0	2021	FW	2001	Amiens SC	FRA	FALSE
Burkina Faso	Hervé Koffi	hervekoffi	47	0	2022	GK	1996	R. Charleroi S.C.	BEL	TRUE
Burkina Faso	Hillel Konaté	hillelkonate	0	0	2022	GK	1994	Valenciennes FC	FRA	TRUE
Burkina Faso	Kilian Nikiema	kiliannikiema	2	0	2022	GK	2003	ADO Den Haag	NED	TRUE
Burkina Faso	Issoufou Dayo	issoufoudayo	62	6	2022	DF	1991	RS Berkane	MAR	TRUE
Burkina Faso	Nasser Djiga	nasserdjiga	2	0	2022	DF	2002	Nîmes Olympique	FRA	TRUE
Burkina Faso	Adama Fofana	adamafofana	1	0	2022	DF	1999	Dijon FCO	FRA	TRUE
Burkina Faso	Issa Kaboré	issakabore	29	2	2022	DF	2001	Olympique de Marseille	FRA	TRUE
Burkina Faso	Adamo Nagalo	adamonagalo	0	0	2022	DF	2002	FC Nordsjælland	DEN	TRUE
Burkina Faso	Edmond Tapsoba	edmondtapsoba	32	0	2022	DF	1999	Bayer 04 Leverkusen	GER	TRUE
Burkina Faso	Steeve Yago	steeveyago	71	1	2022	DF	1992	Aris Limassol FC	CYP	TRUE
Burkina Faso	Stephane Aziz Ki	stephaneazizki	5	1	2022	MF	1996	Young Africans S.C.	TAN	TRUE
Burkina Faso	Cedric Badolo	cedricbadolo	4	0	2022	MF	1998	FC Sheriff Tiraspol	MDA	TRUE
Burkina Faso	Abdoul Bandaogo	abdoulbandaogo	6	0	2022	MF	1998	C.D. Trofense	POR	TRUE
Burkina Faso	Trova Boni	trovaboni	1	0	2022	MF	1999	Belenenses SAD	POR	TRUE
Burkina Faso	Abdoul Guiebre	abdoulguiebre	4	0	2022	MF	1997	A.C. Reggiana 1919	ITA	TRUE
Burkina Faso	Ismahila Ouédraogo	ismahilaouedraogo	15	0	2022	MF	1999	PAOK FC	GRE	TRUE
Burkina Faso	Gustavo Sangaré	gustavosangare	21	2	2022	MF	1996	US Quevilly-Rouen	FRA	TRUE
Burkina Faso	Blati Touré	blatitoure	35	1	2022	MF	1994	Pyramids FC	EGY	TRUE
Burkina Faso	Hassane Bandé	hassanebande	23	2	2022	FW	1998	Amiens SC	FRA	TRUE
Burkina Faso	Cyrille Bayala	cyrillebayala	41	4	2022	FW	1996	AC Ajaccio	FRA	TRUE
Burkina Faso	Dango Ouattara	dangoouattara	10	4	2022	FW	2002	FC Lorient	FRA	TRUE
Burkina Faso	Djibril Ouattara	djibrilouattara	9	2	2022	FW	1999	RS Berkane	MAR	TRUE
Burkina Faso	Abdoul Tapsoba	abdoultapsoba	15	4	2022	FW	2001	Standard Liège	BEL	TRUE
Burkina Faso	Bertrand Traoré	bertrandtraore	68	15	2022	FW	1995	İstanbul Başakşehir F.K.	TUR	TRUE
Burkina Faso	Aboubacar Sawadogo	aboubacarsawadogo	18	0	2022	GK	1989	Rail Club du Kadiogo	BFA	FALSE
Burkina Faso	Nourdine Balora	nourdinebalora	0	0	2022	GK	1993	Namungo FC	TAN	FALSE
Burkina Faso	Farid Ouédraogo	faridouedraogo	6	0	2022	GK	1996	AS Vita Club	DRC	FALSE
Burkina Faso	Dylan Ouédraogo	dylanouedraogo	2	0	2022	DF	1998	Oud-Heverlee Leuven	BEL	FALSE
Burkina Faso	Soumaïla Ouattara	soumailaouattara	10	0	2022	DF	1995	Hobro IK	DEN	FALSE
Burkina Faso	Cheick-Omar Ouedraogo	cheickomarouedraogo	0	0	2022	DF	1996	ASFA Yennenga	BFA	FALSE
Burkina Faso	Oula Abass Traoré	oulaabasstraore	7	0	2022	DF	1995	'Free agent''		FALSE
Burkina Faso	Patrick Malo	patrickmalo	23	0	2021	DF	1992	Qadsia SC	KUW	FALSE
Burkina Faso	Hermann Nikiéma	hermannnikiema	5	1	2021	DF	1988	AS Douanes (Burkina Faso)	BFA	FALSE
Burkina Faso	Dramane Salou	dramanesalou	2	0	2022	MF	1998	FC Noah	ARM	FALSE
Burkina Faso	Mamady Bangré	mamadybangre	1	0	2022	MF	2001	US Quevilly-Rouen Métropole	FRA	FALSE
Burkina Faso	Adama Guira	adamaguira	42	0	2022	MF	1988	Qingdao Hainiu F.C. (1990)	CHN	FALSE
Burkina Faso	Abdul Yabré	abdulyabre	1	0	2022	MF	1995	A.C. Carpi	ITA	FALSE
Burkina Faso	Abdoul Yoda	abdoulyoda	0	0	2022	MF	2000	Hobro IK	DEN	FALSE
Burkina Faso	Bryan Dabo	bryandabo	19	2	2022	MF	1992	Aris Thessaloniki F.C.	GRE	FALSE
Burkina Faso	Saïdou Simporé	saidousimpore	13	1	2021	MF	1992	Al Ittihad Alexandria Club	EGY	FALSE
Burkina Faso	Dramane Nikièma	dramanenikiema	7	0	2021	MF	1988	Horoya AC	GUI	FALSE
Burkina Faso	Abou Ouattara	abououattara	10	0	2022	FW	1999	FC Sheriff Tiraspol	MDA	FALSE
Burkina Faso	Lamine Ouattara	lamineouattara	1	0	2022	FW	1998	JS Kabylie	ALG	FALSE
Burkina Faso	Joffrey Bazié	joffreybazie	1	0	2022	FW	2003	Lille OSC	FRA	FALSE
Burkina Faso	Ousseni Bouda	oussenibouda	0	0	2022	FW	2000	San Jose Earthquakes	USA	FALSE
Burkina Faso	Abdel Zagré	abdelzagre	1	0	2022	FW	2004	FC Sion	SUI	FALSE
Burkina Faso	Eric Traoré	erictraore	15	1	2021	FW	1996	ENPPI SC	EGY	FALSE
Burkina Faso	Mohamed Konaté	mohamedkonate	16	2	2021	FW	1997	FC Akhmat Grozny	RUS	FALSE
Burkina Faso	Zakaria Sanogo	zakariasanogo	26	1	2021	FW	1996	JS Kabylie	ALG	FALSE
Burkina Faso	Lassina Traoré	lassinatraore	17	7	2021	FW	2001	FC Shakhtar Donetsk	UKR	FALSE
Burkina Faso	Kouamé Botué	kouamebotue	3	0	2021	FW	2002	AC Ajaccio	FRA	FALSE
Cabo Verde	Márcio Rosa	marciorosa	7	0	2022	GK	1997	C.D.C. Montalegre	POR	TRUE
Cabo Verde	Sixten Mohlin	sixtenmohlin	4	0	2022	GK	1996	Örgryte IS	SWE	TRUE
Cabo Verde	Elber Binha	elberbinha	1	0	2022	GK	1991	G.D. Inter	ANG	TRUE
Cabo Verde	Stopira	stopira	54	3	2022	DF	1988	Fehérvár FC	HUN	TRUE
Cabo Verde	Roberto Lopes	robertolopes	15	0	2022	DF	1992	Shamrock Rovers F.C.	IRL	TRUE
Cabo Verde	Dylan Tavares	dylantavares	15	1	2022	DF	1996	SC Bastia	FRA	TRUE
Cabo Verde	Diney	diney	14	0	2022	DF	1995	AS FAR (football	MAR	TRUE
Cabo Verde	Steve Furtado	stevefurtado	12	0	2022	DF	1994	PFC Beroe Stara Zagora	BUL	TRUE
Cabo Verde	Steven Pereira	stevenpereira	10	0	2022	DF	1994	Sumgayit FK	AZE	TRUE
Cabo Verde	Logan Costa	logancosta	3	0	2022	DF	2001	Toulouse FC	FRA	TRUE
Cabo Verde	João Correia	joaocorreia	2	0	2022	DF	1996	G.D. Chaves	POR	TRUE
Cabo Verde	Jamiro Monteiro	jamiromonteiro	24	2	2022	MF	1993	San Jose Earthquakes	USA	TRUE
Cabo Verde	Kenny Rocha Santos	kennyrochasantos	20	1	2022	MF	2000	K.V. Oostende	BEL	TRUE
Cabo Verde	João Paulo Fernandes	joaopaulofernandes	6	0	2022	MF	1998	C.D. Feirense	POR	TRUE
Cabo Verde	Deroy Duarte	deroyduarte	5	0	2022	MF	1999	Fortuna Sittard	NED	TRUE
Cabo Verde	Nenass	nenass	4	0	2022	MF	1995	Aalesunds FK	NOR	TRUE
Cabo Verde	Kevin Pina	kevinpina	2	0	2022	MF	1997	G.D. Chaves	POR	TRUE
Cabo Verde	Ryan Mendes	ryanmendes	58	12	2022	FW	1990	Al-Nasr SC (Dubai)	UAE	TRUE
Cabo Verde	Júlio Tavares	juliotavares	48	8	2022	FW	1988	Al Faisaly FC	KSA	TRUE
Cabo Verde	Garry Rodrigues	garryrodrigues	41	7	2022	FW	1990	Olympiacos F.C.	GRE	TRUE
Cabo Verde	Zé Luís	zeluis	19	3	2022	FW	1991	Hatayspor	TUR	TRUE
Cabo Verde	Lisandro Semedo	lisandrosemedo	15	2	2022	FW	1996	Radomiak Radom	POL	TRUE
Cabo Verde	Bebé	bebe	6	3	2022	FW	1990	Rayo Vallecano	ESP	TRUE
Cabo Verde	Jovane Cabral	jovanecabral	5	1	2022	FW	1998	S.S. Lazio	ITA	TRUE
Cabo Verde	Gianni dos Santos	giannidossantos	1	0	2022	FW	1998	Pacific FC	CAN	TRUE
Cabo Verde	Vozinha	vozinha	59	0	2022	GK	1986	AS Trenčín	SVK	FALSE
Cabo Verde	Kevin Sousa	kevinsousa	0	0	2022	GK	1994	CS Mindelense	CPV	FALSE
Cabo Verde	Dylan Silva	dylansilva	0	0	2021	GK	1999	Portimonense S.C.	POR	FALSE
Cabo Verde	Steven Fortès	stevenfortes	13	0	2022	DF	1992	K.V. Oostende	BEL	FALSE
Cabo Verde	Kelvin Pires	kelvinpires	2	0	2022	DF	2000	AS Trenčín	SVK	FALSE
Cabo Verde	Ludovic Soares	ludovicsoares	3	0	2022	DF	1994	PFC Slavia Sofia	BUL	FALSE
Cabo Verde	Cláudio Tavares	claudiotavares	3	0	2022	DF	1997	União de Santarém	POR	FALSE
Cabo Verde	Jeffry Fortes	jeffryfortes	26	0	2021	DF	1989	De Graafschap	NED	FALSE
Cabo Verde	Carlos Ponck	carlosponck	23	0	2021	DF	1995	G.D. Chaves	POR	FALSE
Cabo Verde	Henrique Brito	henriquebrito	0	0	2021	DF	1997	F.C. Felgueiras 1932	POR	FALSE
Cabo Verde	Lorenzo Fonseca	lorenzofonseca	1	0	2021	DF	1998	St. Lucia F.C.	MLT	FALSE
Cabo Verde	Paulo Soares	paulosoares	1	0	2022	MF	1999	Rochester New York FC	USA	FALSE
Cabo Verde	Patrick Andrade	patrickandrade	14	0	2022	MF	1993	FK Partizan	SRB	FALSE
Cabo Verde	Nuno Borges	nunoborges	13	0	2022	MF	1988	Casa Pia A.C.	POR	FALSE
Cabo Verde	Leandro Andrade	leandroandrade	2	0	2022	MF	1999	Qarabağ FK	AZE	FALSE
Cabo Verde	Marco Soares	marcosoares	52	3	2021	MF	1984	Florgrade	POR	FALSE
Cabo Verde	Hélder Tavares	heldertavares	12	0	2021	MF	1989	FC Voluntari	ROU	FALSE
Cabo Verde	Telmo Arcanjo	telmoarcanjo	1	0	2021	MF	2001	C.D. Tondela	POR	FALSE
Cabo Verde	Gilson Tavares	gilsontavares	7	3	2022	FW	2001	G.D. Estoril Praia	POR	FALSE
Cabo Verde	Papalélé	papalele	4	2	2022	FW	1998	C.D.C. Montalegre	POR	FALSE
Cabo Verde	Vasco Lopes	vascolopes	4	0	2022	FW	1999	S.C. Farense	POR	FALSE
Cabo Verde	Iuri Tavares	iuritavares	1	0	2022	FW	2001	Vitória S.C.	POR	FALSE
Cabo Verde	Vagner Gonçalves	vagnergoncalves	10	1	2021	FW	1996	FC Sion	SUI	FALSE
Cabo Verde	Willy Semedo	willysemedo	10	0	2021	FW	1994	Pafos FC	CYP	FALSE
Cabo Verde	Willis Furtado	willisfurtado	8	0	2021	FW	1997	FK Jerv	NOR	FALSE
Cabo Verde	Ricardo Gomes	ricardogomes	14	4	2021	FW	1991	FK Partizan	SRB	FALSE
Cameroon	Simon Ngapandouetnbu	simonngapandouetnbu	0	0	2022	GK	2003	Olympique de Marseille	FRA	TRUE
Cameroon	Devis Epassy	devisepassy	7	0	2022	GK	1993	Abha Club	KSA	TRUE
Cameroon	Nicolas Nkoulou	nicolasnkoulou	80	2	2022	DF	1990	Aris Thessaloniki F.C.	GRE	TRUE
Cameroon	Christopher Wooh	christopherwooh	4	0	2022	DF	2001	Stade Rennais F.C.	FRA	TRUE
Cameroon	Olivier Mbaizo	oliviermbaizo	11	0	2022	DF	1997	Philadelphia Union	USA	TRUE
Cameroon	Collins Fai	collinsfai	55	0	2022	DF	1992	Al-Tai FC	KSA	TRUE
Cameroon	Jean-Charles Castelletto	jeancharlescastelletto	16	1	2022	DF	1995	FC Nantes	FRA	TRUE
Cameroon	Enzo Ebosse	enzoebosse	3	0	2022	DF	1999	Udinese Calcio	ITA	TRUE
Cameroon	Nouhou Tolo	nouhoutolo	21	0	2022	DF	1997	Seattle Sounders FC	USA	TRUE
Cameroon	Jerome Ngom Mbekeli	jeromengommbekeli	3	0	2022	MF	1998	Colombe Sportive	CMR	TRUE
Cameroon	Gaël Ondoua	gaelondoua	6	0	2022	MF	1995	Hannover 96	GER	TRUE
Cameroon	André-Frank Zambo Anguissa	andrefrankzamboanguissa	46	5	2022	MF	1995	S.S.C. Napoli	ITA	TRUE
Cameroon	Samuel Gouet	samuelgouet	24	0	2022	MF	1997	K.V. Mechelen	BEL	TRUE
Cameroon	Pierre Kunde	pierrekunde	34	1	2022	MF	1995	Olympiacos F.C.	GRE	TRUE
Cameroon	Martin Hongla	martinhongla	21	0	2022	MF	1998	Hellas Verona F.C.	ITA	TRUE
Cameroon	Olivier Ntcham	olivierntcham	4	0	2022	MF	1996	Swansea City A.F.C.	WAL	TRUE
Cameroon	Moumi Ngamaleu	moumingamaleu	44	4	2022	FW	1994	FC Dynamo Moscow	RUS	TRUE
Cameroon	Georges-Kévin Nkoudou	georgeskevinnkoudou	4	0	2022	FW	1995	Beşiktaş J.K.	TUR	TRUE
Cameroon	Jean-Pierre Nsame	jeanpierrensame	4	0	2022	FW	1993	BSC Young Boys	SUI	TRUE
Cameroon	Vincent Aboubakar	vincentaboubakar	94	35	2022	FW	1992	Al-Nassr	KSA	TRUE
Cameroon	Christian Bassogog	christianbassogog	44	7	2022	FW	1995	Shanghai Shenhua Football Club	CHN	TRUE
Cameroon	Karl Toko Ekambi	karltokoekambi	54	12	2022	FW	1992	Olympique Lyonnais	FRA	TRUE
Cameroon	Eric Maxim Choupo-Moting	ericmaximchoupomoting	72	20	2022	FW	1989	FC Bayern Munich	GER	TRUE
Cameroon	Bryan Mbeumo	bryanmbeumo	6	0	2022	FW	1999	Brentford F.C.	ENG	TRUE
Cameroon	Souaibou Marou	souaiboumarou	3	1	2022	FW	2000	Coton Sport FC de Garoua	CMR	TRUE
Cameroon	André Onana	andreonana	34	0	2022	GK	1996	Inter Milan	ITA	FALSE
Cameroon	Marcelin Mbahbi	marcelinmbahbi	1	0	2022	GK	2000	Gazelle FC	CMR	FALSE
Cameroon	Haschou Kerrido	haschoukerrido	0	0	2022	GK	1994	Union Douala	CMR	FALSE
Cameroon	Patrick Kibiyen	patrickkibiyen	0	0	2022	GK	1998	Bamboutos FC	CMR	FALSE
Cameroon	James Bievenue Djaoyang	jamesbievenuedjaoyang	0	0	2022	GK		Canon Yaoundé	CMR	FALSE
Cameroon	Simon Omossola	simonomossola	2	0	2022	GK	1998	AS Vita Club	DRC	FALSE
Cameroon	Jean Efala	jeanefala	1	0	2021	GK	1992	Akwa United F.C.	NGA	FALSE
Cameroon	Narcisse Nlend	narcissenlend	0	0	2021	GK	1991	Coton Sport FC de Garoua	CMR	FALSE
Cameroon	Bawak Etta	bawaketta	1	0	2022	DF	1994	PWD Bamenda	CMR	FALSE
Cameroon	Brandon Djoufack	brandondjoufack	0	0	2022	DF	1990	Bamboutos FC	CMR	FALSE
Cameroon	Houzaifi Youssoufa	houzaifiyoussoufa	1	0	2022	DF	1999	Coton Sport FC	CMR	FALSE
Cameroon	Saidou Ibrahim	saidouibrahim	0	0	2022	DF	2001	Fauve Azur Elite FC	CMR	FALSE
Cameroon	Yves Alain Moukoko	yvesalainmoukoko	1	0	2022	DF	1990	Canon Yaoundé	CMR	FALSE
Cameroon	Alfred Benga	alfredbenga	0	0	2022	DF		Les Astres FC	CMR	FALSE
Cameroon	Yannick Joachim Noah	yannickjoachimnoah	0	0	2022	DF	2004	Dragon Club (Yaoundé)	CMR	FALSE
Cameroon	Che Malone	chemalone	1	0	2022	DF	1999	Coton Sport FC de Garoua	CMR	FALSE
Cameroon	Darlin Yongwa	darlinyongwa	1	0	2022	DF	2000	FC Lorient	FRA	FALSE
Cameroon	Oumar Gonzalez	oumargonzalez	0	0	2022	DF	1998	AC Ajaccio	FRA	FALSE
Cameroon	Michael Ngadeu-Ngadjui	michaelngadeungadjui	53	4	2022	DF	1990	K.A.A. Gent	BEL	FALSE
Cameroon	Enzo Tchato	enzotchato	0	0	2022	DF	2002	Montpellier HSC	FRA	FALSE
Cameroon	Ambroise Oyongo	ambroiseoyongo	51	2	2022	DF	1991	'Free agent''		FALSE
Cameroon	Duplexe Tchamba	duplexetchamba	2	0	2022	DF	1998	Casa Pia A.C.	POR	FALSE
Cameroon	Harold Moukoudi	haroldmoukoudi	11	0	2022	DF	1997	AEK Athens F.C.	GRE	FALSE
Cameroon	Jérôme Onguéné	jeromeonguene	10	0	2021	DF	1997	Eintracht Frankfurt	GER	FALSE
Cameroon	Joyskim Dawa	joyskimdawa	7	0	2021	DF	1996	FCSB	ROM	FALSE
Cameroon	Jean-Claude Billong	jeanclaudebillong	3	0	2021	DF	1993	CFR Cluj	ROM	FALSE
Cameroon	Sacha Boey	sachaboey	0	0	2021	DF	2000	Galatasaray S.K. (football)	TUR	FALSE
Cameroon	Samuel Kotto	samuelkotto	0	0	2021	DF	2003	APEJES Academy	CMR	FALSE
Cameroon	Joseph Iyendjock	josephiyendjock	0	0	2022	MF	2003	Union Douala	CMR	FALSE
Cameroon	Martial Zemba Ikoung	martialzembaikoung	1	0	2022	MF	1999	APEJES Academy	CMR	FALSE
Cameroon	Djawal Kaiba	djawalkaiba	1	1	2022	MF	2003	Coton Sport FC de Garoua	CMR	FALSE
Cameroon	Félix Oukiné	felixoukine	0	0	2022	MF	1999	Coton Sport FC de Garoua	CMR	FALSE
Cameroon	Valentin Beo Bato	valentinbeobato	1	0	2022	MF	1996	Colombe Sportive	CMR	FALSE
Cameroon	Louis Enjonaei Mbah	louisenjonaeimbah	1	0	2022	MF	1997	Eding Sport FC	CMR	FALSE
Cameroon	Henry Paul Tchikeu	henrypaultchikeu	0	0	2022	MF	2000	Canon Yaoundé	CMR	FALSE
Cameroon	Georges Mandjeck	georgesmandjeck	51	0	2022	MF	1988	Nea Salamis Famagusta FC	CYP	FALSE
Cameroon	Jean Onana	jeanonana	10	0	2022	MF	2000	RC Lens	FRA	FALSE
Cameroon	Brice Ambina	briceambina	0	0	2022	MF	2001	Cape Town City F.C. (2016)	RSA	FALSE
Cameroon	Jeando Fuchs	jeandofuchs	2	0	2022	MF	1997	Peterborough United F.C.	ENG	FALSE
Cameroon	Arnaud Djoum	arnauddjoum	28	0	2022	MF	1989	Dundee United F.C.	SCO	FALSE
Cameroon	James Léa Siliki	jamesleasiliki	11	0	2021	MF	1996	G.D. Estoril Praia	POR	FALSE
Cameroon	Yvan Neyou	yvanneyou	5	0	2021	MF	1997	CD Leganés	ESP	FALSE
Cameroon	Harisson Djonkep	harissondjonkep	0	0	2022	FW	2001	Eding Sport FC	CMR	FALSE
Cameroon	Patient Wassou	patientwassou	1	0	2022	FW	2004	Coton Sport FC de Garoua	CMR	FALSE
Cameroon	Ebassa Emmanuel	ebassaemmanuel	0	0	2022	FW		Renaissance FC de Ngoumou	CMR	FALSE
Cameroon	Joseph Apam	josephapam	1	0	2022	FW	1998	APEJES Academy	CMR	FALSE
Cameroon	Kemajou Dibani	kemajoudibani	1	0	2022	FW	1995	Bamboutos FC	CMR	FALSE
Cameroon	Ramses Donfack	ramsesdonfack	0	0	2022	FW		Coton Sport FC de Garoua	CMR	FALSE
Cameroon	Léandre Tawamba	leandretawamba	7	0	2022	FW	1989	Al-Taawoun FC	KSA	FALSE
Cameroon	Stéphane Bahoken	stephanebahoken	22	4	2022	FW	1992	Kasımpaşa S.K.	TUR	FALSE
Cameroon	Ignatius Ganago	ignatiusganago	11	0	2022	FW	1999	RC Lens	FRA	FALSE
Cameroon	Danny Loader	dannyloader	0	0	2022	FW	2000	FC Porto	POR	FALSE
Cameroon	Didier Lamkel Zé	didierlamkelze	0	0	2022	FW	1996	K.V. Kortrijk	BEL	FALSE
Cameroon	Kévin Soni	kevinsoni	1	0	2022	FW	1998	Hatayspor	TUR	FALSE
Cameroon	Clinton N'Jie	clintonnjie	42	10	2021	FW	1993	Sivasspor	TUR	FALSE
Cameroon	Paul-Georges Ntep	paulgeorgesntep	4	1	2021	FW	1992	'Free agent''		FALSE
Cameroon	John Mary	johnmary	1	0	2021	FW	1993	Avispa Fukuoka	JPN	FALSE
Cameroon	Jeremy Ebobisse	jeremyebobisse	0	0	2021	FW	1997	San Jose Earthquakes	USA	FALSE
Egypt	Mohamed El Shenawy	mohamedelshenawy	42	0	2022	GK	1988		EGY	TRUE
Egypt	Mohamed Abou Gabal	mohamedabougabal	9	0	2022	GK	1989	National Bank of Egypt SC	EGY	TRUE
Egypt	Mohamed Sobhy	mohamedsobhy	1	0	2022	GK	1999	Zamalek SC	EGY	TRUE
Egypt	Ahmed Hegazi	ahmedhegazi	79	2	2022	DF	1991		KSA	TRUE
Egypt	Mahmoud Alaa	mahmoudalaa	15	0	2022	DF	1991	Al Ittihad Alexandria Club	EGY	TRUE
Egypt	Ali Gabr	aligabr	30	1	2022	DF	1989	Pyramids FC	EGY	TRUE
Egypt	Mahmoud Hamdy	mahmoudhamdy	26	2	2022	DF	1995	Zamalek SC	EGY	TRUE
Egypt	Mahmoud Marei	mahmoudmarei	0	0	2022	DF	1998	Future FC (Egypt)	EGY	TRUE
Egypt	Ahmed Abou El Fotouh	ahmedabouelfotouh	20	1	2022	DF	1998	Zamalek SC	EGY	TRUE
Egypt	Mohamed Hamdy	mohamedhamdy	2	0	2022	DF	1995	Pyramids FC	EGY	TRUE
Egypt	Akram Tawfik	akramtawfik	10	1	2022	DF	1997		EGY	TRUE
Egypt	Mohamed Hany	mohamedhany	8	0	2022	DF	1996		EGY	TRUE
Egypt	Omar Kamal	omarkamal	10	0	2022	DF	1993	Future FC (Egypt)	EGY	TRUE
Egypt	Omar Gaber	omargaber	31	1	2022	DF	1992	Zamalek SC	EGY	TRUE
Egypt	Hussein El Sayed	husseinelsayed	3	0	2022	DF	1991	Al-Masry SC	EGY	TRUE
Egypt	Osama Galal	osamagalal	1	0	2022	DF	1997	Pyramids FC	EGY	TRUE
Egypt	Mohamed Elneny	mohamedelneny	93	8	2022	MF	1992	Arsenal F.C.	ENG	TRUE
Egypt	Trézéguet	trezeguet	58	9	2022	MF	1994	Trabzonspor	TUR	TRUE
Egypt	Tarek Hamed	tarekhamed	51	0	2022	MF	1988	Al-Ittihad Club (Jeddah)	KSA	TRUE
Egypt	Emam Ashour	emamashour	5	0	2022	MF	1998	Zamalek SC	EGY	TRUE
Egypt	Hussein El Shahat	husseinelshahat	10	0	2022	MF	1991		EGY	TRUE
Egypt	Nabil Emad	nabilemad	8	0	2022	MF	1996	Zamalek SC	EGY	TRUE
Egypt	Canaria	canaria	0	0	2022	MF	1999	Smouha SC	EGY	TRUE
Egypt	Mohamed Magdy	mohamedmagdy	18	5	2022	MF	1996		EGY	TRUE
Egypt	Hamdy Fathy	hamdyfathy	24	2	2022	MF	1994		EGY	TRUE
Egypt	Amr El Solia	amrelsolia	48	1	2022	MF	1990		EGY	TRUE
Egypt	Mahmoud Hamada	mahmoudhamada	3	0	2022	MF	1999	Pharco FC	EGY	TRUE
Egypt	Mohamed Salah	mohamedsalah	87	49	2022	FW	1992	Liverpool F.C.	ENG	TRUE
Egypt	Mostafa Fathi	mostafafathi	15	0	2022	FW	1994	Pyramids FC	EGY	TRUE
Egypt	Ahmed Sayed	ahmedsayed	22	1	2022	FW	1996	Zamalek SC	EGY	TRUE
Egypt	Ahmed Refaat	ahmedrefaat	5	2	2022	FW	1993	Al Wahda FC	UAE	TRUE
Egypt	Marwan Hamdy	marwanhamdy	13	1	2022	FW	1996	Smouha SC	EGY	TRUE
Egypt	Ahmed Hassan	ahmedhassan	27	5	2022	FW	1993	Alanyaspor	TUR	TRUE
Egypt	Mostafa Mohamed	mostafamohamed	22	5	2022	FW	1997	FC Nantes	FRA	TRUE
Egypt	Mohamed Fawzy	mohamedfawzy	0	0	2021	GK	1993	Ismaily SC	EGY	FALSE
Egypt	Ayman Ashraf	aymanashraf	30	2	2022	DF	1991		EGY	FALSE
Egypt	Mohamed Abdelmonem	mohamedabdelmonem	12	1	2022	DF	1999		EGY	FALSE
Egypt	Yasser Ibrahim	yasseribrahim	4	0	2022	DF	1993		EGY	FALSE
Egypt	Marwan Dawoud	marwandawoud	2	1	2021	DF	1997	ENPPI SC	EGY	FALSE
Egypt	Ahmed Yassin	ahmedyassin	3	0	2021	DF	1997	National Bank of Egypt SC	EGY	FALSE
Egypt	Ahmed Ramadan	ahmedramadan	0	0	2021	DF	1997	Ceramica Cleopatra FC	EGY	FALSE
Egypt	Mohamed Fathallah	mohamedfathallah	0	0	2021	DF	1993	Ghazl El Mahalla SC	EGY	FALSE
Egypt	Mohanad Lasheen	mohanadlasheen	9	0	2022	MF	1996	Tala'ea El Gaish SC	EGY	FALSE
Egypt	Abdallah El Said	abdallahelsaid	58	6	2021	MF	1985	Pyramids FC	EGY	FALSE
Egypt	Omar Marmoush	omarmarmoush	15	2	2022	FW	1999	VfL Wolfsburg	GER	FALSE
Egypt	Mohamed Sherif	mohamedsherif	18	5	2022	FW	1996		EGY	FALSE
Egypt	Ahmed Yasser Rayyan	ahmedyasserrayyan	3	1	2021	FW	1998	Ceramica Cleopatra FC	EGY	FALSE
Gabon	Anthony Mfa Mezui	anthonymfamezui	19	0	2022	GK	1991	FC Rodange 91	LUX	TRUE
Gabon	Jean-Noël Amonome	jeannoelamonome	11	0	2022	GK	1997	AmaZulu F.C.	RSA	TRUE
Gabon	Donald Nzé	donaldnze	3	0	2022	GK	1992	AS Maniema Union	DRC	TRUE
Gabon	Bruno Ecuele Manga	brunoecuelemanga	96	9	2022	DF	1988	'Free agent''		TRUE
Gabon	Lloyd Palun	lloydpalun	73	0	2022	DF	1988	SC Bastia	FRA	TRUE
Gabon	Aaron Appindangoyé	aaronappindangoye	56	2	2022	DF	1992	Sivasspor	TUR	TRUE
Gabon	Johann Obiang	johannobiang	44	0	2022	DF	1993	Stade Malherbe Caen	FRA	TRUE
Gabon	Junior Assoumou	juniorassoumou	16	0	2022	DF	1995	US Granville	FRA	TRUE
Gabon	Anthony Oyono	anthonyoyono	10	0	2022	DF	2001	Frosinone Calcio	ITA	TRUE
Gabon	Yoann Wachter	yoannwachter	10	0	2022	DF	1992	Saint-Pryvé Saint-Hilaire FC	FRA	TRUE
Gabon	Alex Moucketou-Moussounda	alexmoucketoumoussounda	9	1	2022	DF	2000	Aris Limassol FC	CYP	TRUE
Gabon	David Sambissa	davidsambissa	5	0	2022	DF	1996	SC Cambuur	NED	TRUE
Gabon	Yannis N'Gakoutou	yannisngakoutou	4	0	2022	DF	1998	'Free agent''		TRUE
Gabon	Jacques Ekomié	jacquesekomie	0	0	2022	DF	2003	FC Girondins de Bordeaux	FRA	TRUE
Gabon	André Biyogo Poko	andrebiyogopoko	76	3	2022	MF	1993	Khaleej FC	KSA	TRUE
Gabon	Guélor Kanga	guelorkanga	60	2	2022	MF	1990	Red Star Belgrade	SRB	TRUE
Gabon	Louis Ameka	louisameka	26	0	2022	MF	1996	Maghreb de Fès	MAR	TRUE
Gabon	Serge-Junior Martinsson Ngouali	sergejuniormartinssonngouali	15	0	2022	MF	1992	Sarpsborg 08 FF	NOR	TRUE
Gabon	Medwin Biteghé	medwinbiteghe	8	0	2022	MF	1996	Al-Sahel SC (Saudi Arabia)	KSA	TRUE
Gabon	Denis Bouanga	denisbouanga	32	7	2022	FW	1994	Los Angeles FC	USA	TRUE
Gabon	Axel Méyé	axelmeye	32	2	2022	FW	1995	Raja CA	MAR	TRUE
Gabon	Aaron Boupendza	aaronboupendza	28	5	2022	FW	1996	Al-Shabab FC (Riyadh)	KSA	TRUE
Gabon	Jim Allevinah	jimallevinah	17	4	2022	FW	1995	Clermont Foot	FRA	TRUE
Gabon	Kévin Mayi	kevinmayi	5	0	2022	FW	1993	Denizlispor	TUR	TRUE
Gabon	Shavy Babicka	shavybabicka	1	1	2022	FW	2000	Aris Limassol FC	CYP	TRUE
Gabon	Alan Do Marcolino	alandomarcolino	1	0	2022	FW	2002	Stade Rennais F.C.	FRA	TRUE
Gabon	Gilchrist Nguema	gilchristnguema	6	0	2022	DF	1996	'Free agent''		FALSE
Gabon	Sidney Obissa	sidneyobissa	7	0	2022	DF	2000	FC Villefranche Beaujolais	FRA	FALSE
Gabon	Didier Ndong	didierndong	41	0	2022	MF	1994	Dijon FCO	FRA	FALSE
Gabon	Mario Lemina	mariolemina	25	3	2022	MF	1993	OGC Nice	FRA	FALSE
Gabon	Nathanael Mbourou	nathanaelmbourou	2	0	2022	MF	1996	FC Dinamo-Auto Tiraspol	MLD	FALSE
Gabon	Gaëtan Missi Mezu	gaetanmissimezu	9	0	2022	FW	1996	SO Cholet	FRA	FALSE
Gabon	Fahd Ndzengue	fahdndzengue	3	0	2022	FW	2000	NK Tabor Sežana	SVN	FALSE
Gabon	Ulrick Eneme Ella	ulrickenemeella	4	0	2022	FW	2001	Angers SCO	FRA	FALSE
Gabon	Pierre-Emerick Aubameyang	pierreemerickaubameyang	72	30	2021	FW	1989	Chelsea F.C.	ENG	FALSE
Ghana	Lawrence Ati-Zigi	lawrenceatizigi	14	0	2022	GK	1996	FC St. Gallen	SUI	TRUE
Ghana	Ibrahim Danlad	ibrahimdanlad	4	0	2022	GK	2002	Asante Kotoko S.C.	GHA	TRUE
Ghana	Abdul Manaf Nurudeen	abdulmanafnurudeen	2	0	2022	GK	1999	K.A.S. Eupen	BEL	TRUE
Ghana	Tariq Lamptey	tariqlamptey	4	0	2022	DF	2000	Brighton &amp; Hove Albion F.C.	ENG	TRUE
Ghana	Denis Odoi	denisodoi	5	0	2022	DF	1988	Club Brugge KV	BEL	TRUE
Ghana	Mohammed Salisu	mohammedsalisu	6	2	2022	DF	1999	Southampton F.C.	ENG	TRUE
Ghana	Gideon Mensah	gideonmensah	13	0	2022	DF	1998	AJ Auxerre	FRA	TRUE
Ghana	Joseph Aidoo	josephaidoo	11	0	2022	DF	1995	RC Celta de Vigo	ESP	TRUE
Ghana	Baba Rahman	babarahman	51	1	2022	DF	1994	Reading F.C.	ENG	TRUE
Ghana	Daniel Amartey	danielamartey	49	0	2022	DF	1994	Leicester City F.C.	ENG	TRUE
Ghana	Alexander Djiku	alexanderdjiku	20	1	2022	DF	1994	RC Strasbourg Alsace	FRA	TRUE
Ghana	Alidu Seidu	aliduseidu	6	0	2022	DF	2000	Clermont Foot	FRA	TRUE
Ghana	Thomas Partey	thomaspartey	43	13	2022	MF	1993	Arsenal F.C.	ENG	TRUE
Ghana	Elisha Owusu	elishaowusu	3	0	2022	MF	1997	K.A.A. Gent	BEL	TRUE
Ghana	Daniel-Kofi Kyereh	danielkofikyereh	18	0	2022	MF	1996	SC Freiburg	GER	TRUE
Ghana	André Ayew	andreayew	113	24	2022	MF	1989	Al Sadd SC	QAT	TRUE
Ghana	Daniel Afriyie	danielafriyie	7	3	2022	MF	2001	Accra Hearts of Oak S.C.	GHA	TRUE
Ghana	Mohammed Kudus	mohammedkudus	21	7	2022	MF	2000	AFC Ajax	NED	TRUE
Ghana	Salis Abdul Samed	salisabdulsamed	4	0	2022	MF	2000	RC Lens	FRA	TRUE
Ghana	Abdul Fatawu Issahaku	abdulfatawuissahaku	14	1	2022	FW	2004	Sporting CP	POR	TRUE
Ghana	Jordan Ayew	jordanayew	87	19	2022	FW	1991	Crystal Palace F.C.	ENG	TRUE
Ghana	Osman Bukari	osmanbukari	9	2	2022	FW	1998	Red Star Belgrade	SRB	TRUE
Ghana	Iñaki Williams	inakiwilliams	6	0	2022	FW	1994	Athletic Bilbao	ESP	TRUE
Ghana	Kamaldeen Sulemana	kamaldeensulemana	15	0	2022	FW	2002	Stade Rennais F.C.	FRA	TRUE
Ghana	Kamal Sowah	kamalsowah	1	0	2022	FW	2000	Club Brugge KV	BEL	TRUE
Ghana	Antoine Semenyo	antoinesemenyo	6	1	2022	FW	2000	Bristol City F.C.	ENG	TRUE
Ghana	Richard Ofori	richardofori	24	0	2022	GK	1993	Orlando Pirates F.C.	RSA	FALSE
Ghana	Joe Wollacott	joewollacott	11	0	2022	GK	1996	Charlton Athletic F.C.	ENG	FALSE
Ghana	Richard Attah	richardattah	0	0	2021	GK	1995	Accra Hearts of Oak S.C.	GHA	FALSE
Ghana	Jonathan Mensah	jonathanmensah	69	1	2022	DF	1990	Columbus Crew	USA	FALSE
Ghana	Andy Yiadom	andyyiadom	26	0	2022	DF	1991	Reading F.C.	ENG	FALSE
Ghana	Kasim Nuhu	kasimnuhu	11	1	2022	DF	1995	FC Basel	SWI	FALSE
Ghana	Ibrahim Imoro	ibrahimimoro	5	0	2022	DF	1999	Al-Hilal Club (Omdurman)	SUD	FALSE
Ghana	Dennis Nkrumah-Korsah	dennisnkrumahkorsah	4	0	2022	DF	1996	Accra Hearts of Oak S.C.	GHA	FALSE
Ghana	Patrick Kpozo	patrickkpozo	0	0	2022	DF	1997	FC Sheriff Tiraspol	MDA	FALSE
Ghana	Abdul Mumin	abdulmumin	0	0	2022	DF	1998	Rayo Vallecano	ESP	FALSE
Ghana	Stephan Ambrosius	stephanambrosius	0	0	2022	DF	1998	Karlsruher SC	GER	FALSE
Ghana	Montari Kamaheni	montarikamaheni	0	0	2022	DF	2000	F.C. Ashdod	ISR	FALSE
Ghana	Philomon Baffour	philomonbaffour	0	0	2021	DF	2001	Rio Ave F.C.	POR	FALSE
Ghana	Joseph Paintsil	josephpaintsil	5	0	2022	MF	1998	K.R.C. Genk	BEL	FALSE
Ghana	Mubarak Wakaso	mubarakwakaso	70	13	2022	MF	1990	K.A.S. Eupen	BEL	FALSE
Ghana	Jeffrey Schlupp	jeffreyschlupp	20	1	2022	MF	1992	Crystal Palace F.C.	ENG	FALSE
Ghana	Iddrisu Baba	iddrisubaba	18	0	2022	MF	1996	RCD Mallorca	ESP	FALSE
Ghana	Edmund Addo	edmundaddo	8	0	2022	MF	2000	FC Sheriff Tiraspol	MDA	FALSE
Ghana	Majeed Ashimeru	majeedashimeru	2	0	2022	MF	1997	R.S.C. Anderlecht	BEL	FALSE
Ghana	Salifu Mudasiru	salifumudasiru	0	0	2022	MF	1997	FC Sheriff Tiraspol	MDA	FALSE
Ghana	Augustine Okrah	augustineokrah	2	0	2022	MF	1993	Simba S.C.	TAN	FALSE
Ghana	David Abagna	davidabagna	1	0	2021	MF	1998	Real Tamale United	GHA	FALSE
Ghana	Richmond Boakye	richmondboakye	19	7	2022	FW	1993	PAS Lamia 1964	GRE	FALSE
Ghana	Samuel Owusu	samuelowusu	17	1	2022	FW	1996	FK Čukarički	SRB	FALSE
Ghana	Caleb Ekuban	calebekuban	13	3	2022	FW	1994	Genoa C.F.C.	ITA	FALSE
Ghana	Felix Afena-Gyan	felixafenagyan	6	1	2022	FW	2003	U.S. Cremonese	ITA	FALSE
Ghana	Kwasi Okyere Wriedt	kwasiokyerewriedt	6	0	2022	FW	1994	Holstein Kiel	GER	FALSE
Ghana	Yaw Yeboah	yawyeboah	4	0	2022	FW	1997	Columbus Crew	USA	FALSE
Ghana	Emmanuel Gyasi	emmanuelgyasi	3	0	2022	FW	1994	Spezia Calcio	ITA	FALSE
Ghana	Christopher Antwi-Adjei	christopherantwiadjei	3	0	2022	FW	1994	VfL Bochum	GER	FALSE
Ghana	Ransford-Yeboah Königsdörffer	ransfordyeboahkoenigsdoerffer	1	0	2022	FW	2001	Hamburger SV	GER	FALSE
Ghana	Mohammed Dauda	mohammeddauda	0	0	2022	FW	1998	C.D. Tenerife	ESP	FALSE
Ghana	Ernest Nuamah	ernestnuamah	0	0	2022	FW	2003	FC Nordsjælland	DEN	FALSE
Ghana	Benjamin Tetteh	benjamintetteh	7	0	2022	FW	1997	Hull City A.F.C.	ENG	FALSE
Ghana	Maxwell Abbey Quaye	maxwellabbeyquaye	1	0	2021	FW	1998	Accra Great Olympics F.C.	GHA	FALSE
Guinea	Aly Keita	alykeita	24	0	2022	GK	1986	Östersunds FK	SWE	TRUE
Guinea	Ibrahim Koné	ibrahimkone	9	0	2022	GK	1989	Hibernians F.C.	MLT	TRUE
Guinea	Lassana Diakhaby	lassanadiakhaby	0	0	2022	GK	1996	Valenciennes FC	FRA	TRUE
Guinea	Issiaga Sylla	issiagasylla	68	3	2022	DF	1994	Toulouse FC	FRA	TRUE
Guinea	Ibrahima Conté	ibrahimaconte	55	4	2021	MF	1991	Bnei Sakhnin F.C.	ISR	FALSE
Guinea	Mohamed Ali Camara	mohamedalicamara	17	0	2022	DF	1997	BSC Young Boys	SUI	TRUE
Guinea	Saïdou Sow	saidousow	12	0	2022	DF	2002	AS Saint-Étienne	FRA	TRUE
Guinea	Antoine Conte	antoineconte	3	0	2022	DF	1994	CS Universitatea Craiova	ROU	TRUE
Guinea	Mouctar Diakhaby	mouctardiakhaby	2	0	2022	DF	1996	Valencia CF	ESP	TRUE
Guinea	Sekou Sylla	sekousylla	2	0	2022	DF	1999	SC Cambuur	NED	TRUE
Guinea	Ibrahim Diakité	ibrahimdiakite	0	0	2022	DF	2003	Stade de Reims	FRA	TRUE
Guinea	Naby Keïta	nabykeita	50	11	2022	MF	1995	Liverpool F.C.	ENG	TRUE
Guinea	Amadou Diawara	amadoudiawara	26	0	2022	MF	1997	R.S.C. Anderlecht	BEL	TRUE
Guinea	Aguibou Camara	aguiboucamara	16	1	2022	MF	2001	Olympiacos F.C.	GRE	TRUE
Guinea	Ilaix Moriba	ilaixmoriba	8	0	2022	MF	2003	Valencia CF	ESP	TRUE
Guinea	Mory Konaté	morykonate	4	0	2022	MF	1993	Sint-Truidense V.V.	BEL	TRUE
Guinea	Seydouba Cissé	seydoubacisse	2	0	2022	MF	2001	CD Leganés	ESP	TRUE
Guinea	Cheick Condé	cheickconde	1	0	2022	MF	2000	FC Zürich	SUI	TRUE
Guinea	Mohamed Bayo	mohamedbayo	11	3	2022	FW	1998	Lille OSC	FRA	TRUE
Guinea	Morgan Guilavogui	morganguilavogui	5	0	2022	FW	1998	Paris FC	FRA	TRUE
Guinea	Thierno Barry	thiernobarry	3	0	2022	FW	2000	SD Logroñés	ESP	TRUE
Guinea	Bafodé Dansoko	bafodedansoko	3	0	2022	FW	1995	K.M.S.K. Deinze	BEL	TRUE
Guinea	Serhou Guirassy	serhouguirassy	3	0	2022	FW	1996	Stade Rennais F.C.	FRA	TRUE
Guinea	Momo Cissé	momocisse	0	0	2022	FW	2002	Wisła Kraków	POL	TRUE
Guinea	Bangaly Sylla	bangalysylla	0	0	2022	GK	2002	'Free agent''		FALSE
Guinea	Moussa Camara	moussacamara	20	0	2022	GK	1998	Horoya AC	GUI	FALSE
Guinea	Julian Jeanvier	julianjeanvier	6	0	2022	DF	1992	AJ Auxerre	FRA	FALSE
Guinea	Mikael Dyrestam	mikaeldyrestam	9	0	2021	DF	1991	Al-Adalah FC	KSA	FALSE
Guinea	Pa Konate	pakonate	8	0	2021	DF	1994	Botev Plovdiv	BUL	FALSE
Guinea	Fodé Camara	fodecamara	1	0	2021	DF	2002	Horoya AC	GUI	FALSE
Guinea	Gaoussou Youssouf Siby	gaoussouyoussoufsiby	2	1	2021	DF	2000	Hafia FC	GUI	FALSE
Guinea	Florentin Pogba	florentinpogba	30	0	2021	DF	1990	ATK Mohun Bagan FC	IND	FALSE
Guinea	Ibrahima Cissé	ibrahimacisse	19	1	2022	MF	1994	FC Ural Yekaterinburg	RUS	FALSE
Guinea	Morlaye Sylla	morlayesylla	21	3	2021	MF	1998	F.C. Arouca	POR	FALSE
Guinea	Mamadou Kané	mamadoukane	17	2	2022	FW	1998	Pafos FC	CYP	FALSE
Guinea	Yakhouba Gnagna Barry	yakhoubagnagnabarry	13	3	2022	FW	1998	Horoya AC	GUI	FALSE
Guinea	François Kamano	francoiskamano	39	7	2022	FW	1996	FC Lokomotiv Moscow	RUS	FALSE
Guinea	Mamadou Diallo	mamadoudiallo	2	0	2022	FW	1994	'Free agent''		FALSE
Guinea	José Kanté	josekante	26	4	2021	FW	1990	Cangzhou Mighty Lions F.C.	CHN	FALSE
Guinea	Seydouba Soumah	seydoubasoumah	37	9	2021	FW	1991	'Free agent''		FALSE
Guinea	Sory Kaba	sorykaba	21	3	2021	FW	1995	FC Midtjylland	DEN	FALSE
Ivory Coast	Badra Ali Sangaré	badraalisangare	29	0	2022	GK	1986	Sekhukhune United F.C.	RSA	TRUE
Ivory Coast	Ira Eliezer Tapé	iraeliezertape	2	0	2022	GK	1997	FC San Pédro	CIV	TRUE
Ivory Coast	Issa Fofana	issafofana	0	0	2022	GK	2004	Al-Hilal Club (Omdurman)	SUD	TRUE
Ivory Coast	Serge Aurier	sergeaurier	83	4	2022	DF	1992	Nottingham Forest F.C.	ENG	TRUE
Ivory Coast	Simon Deli	simondeli	26	0	2022	DF	1991	Adana Demirspor	TUR	TRUE
Ivory Coast	Ghislain Konan	ghislainkonan	25	0	2022	DF	1995	Al Nassr FC	Saudi Arabia	TRUE
Ivory Coast	Odilon Kossounou	odilonkossounou	16	0	2022	DF	2001	Bayer 04 Leverkusen	GER	TRUE
Ivory Coast	Sinaly Diomandé	sinalydiomande	10	0	2022	DF	2001	Olympique Lyonnais	FRA	TRUE
Ivory Coast	Souleyman Doumbia	souleymandoumbia	7	1	2022	DF	1996	Angers SCO	FRA	TRUE
Ivory Coast	Wilfried Singo	wilfriedsingo	5	0	2022	DF	2000	Torino F.C.	ITA	TRUE
Ivory Coast	Abakar Sylla	abakarsylla	3	0	2022	DF	2002	Club Brugge KV	BEL	TRUE
Ivory Coast	Jean Michaël Seri	jeanmichaelseri	45	4	2022	MF	1991	Hull City A.F.C.	ENG	TRUE
Ivory Coast	Ibrahim Sangaré	ibrahimsangare	28	8	2022	MF	1997	PSV Eindhoven	NED	TRUE
Ivory Coast	Jean-Philippe Gbamin	jeanphilippegbamin	15	0	2022	MF	1995	Trabzonspor	TUR	TRUE
Ivory Coast	Seko Fofana	sekofofana	8	3	2022	MF	1995	RC Lens	FRA	TRUE
Ivory Coast	Jean-Eudes Aholou	jeaneudesaholou	2	0	2022	MF	1994	RC Strasbourg Alsace	FRA	TRUE
Ivory Coast	Jean Thierry Lazare	jeanthierrylazare	1	0	2022	MF	1998	Royale Union Saint-Gilloise	BEL	TRUE
Ivory Coast	Max Gradel	maxgradel	101	17	2022	FW	1987	Sivasspor	TUR	TRUE
Ivory Coast	Nicolas Pépé	nicolaspepe	37	10	2022	FW	1995	OGC Nice	FRA	TRUE
Ivory Coast	Wilfried Zaha	wilfriedzaha	31	5	2022	FW	1992	Crystal Palace F.C.	ENG	TRUE
Ivory Coast	Christian Kouamé	christiankouame	17	1	2022	FW	1997	ACF Fiorentina	ITA	TRUE
Ivory Coast	Jean Evrard Kouassi	jeanevrardkouassi	12	1	2022	FW	1994	Trabzonspor	TUR	TRUE
Ivory Coast	Karim Konaté	karimkonate	5	0	2022	FW	2004	FC Liefering	AUT	TRUE
Ivory Coast	Jean-Philippe Krasso	jeanphilippekrasso	4	1	2022	FW	1997	AS Saint-Étienne	FRA	TRUE
Ivory Coast	Datro Fofana	datrofofana	3	0	2022	FW	2002	Chelsea F.C.	ENG	TRUE
Ivory Coast	Charles Folly Ayayi	charlesfollyayayi	0	0	2022	GK	1990	ASEC Mimosas	CIV	FALSE
Ivory Coast	Abdoul Karim Cissé	abdoulkarimcisse	6	0	2022	GK	1985	Venda Football Academy F.C.	RSA	FALSE
Ivory Coast	Mohamed Kone	mohamedkone	0	0	2022	GK	2002	Le Havre AC	FRA	FALSE
Ivory Coast	Sylvain Gbohouo	sylvaingbohouo	65	0	2021	GK	1988	Wolkite City F.C.	ETH	FALSE
Ivory Coast	Wilfried Kanon	wilfriedkanon	54	3	2022	DF	1993	HIFK Fotboll	FIN	FALSE
Ivory Coast	Eric Bailly	ericbailly	46	2	2022	DF	1994	Olympique de Marseille	FRA	FALSE
Ivory Coast	Willy Boly	willyboly	13	1	2022	DF	1991	Nottingham Forest F.C.	ENG	FALSE
Ivory Coast	Hassane Kamara	hassanekamara	7	0	2022	DF	1994	Watford F.C.	ENG	FALSE
Ivory Coast	Emmanuel Agbadou	emmanuelagbadou	3	0	2022	DF	1997	Stade de Reims	FRA	FALSE
Ivory Coast	Ismaël Diallo	ismaeldiallo	0	0	2022	DF	1997	AC Ajaccio	FRA	FALSE
Ivory Coast	Ousmane Ouattara	ousmaneouattara	1	1	2021	DF	1993	US Monastir (football)	TUN	FALSE
Ivory Coast	Franck Kessié	franckkessie	60	7	2022	MF	1996	FC Barcelona	ESP	FALSE
Ivory Coast	Jean-Daniel Akpa Akpro	jeandanielakpaakpro	17	0	2022	MF	1992	S.S. Lazio	ITA	FALSE
Ivory Coast	Jérémie Boga	jeremieboga	10	1	2022	MF	1997	Atalanta B.C.	ITA	FALSE
Ivory Coast	Paul Akouokou	paulakouokou	4	0	2022	MF	1997	Real Betis	ESP	FALSE
Ivory Coast	Fousseny Coulibaly	foussenycoulibaly	3	0	2022	MF	1992	Espérance Sportive de Tunis	TUN	FALSE
Ivory Coast	Hamed Traorè	hamedtraore	4	0	2022	MF	2000	U.S. Sassuolo Calcio	ITA	FALSE
Ivory Coast	Habib Maïga	habibmaiga	13	0	2021	MF	1996	FC Metz	FRA	FALSE
Ivory Coast	Maxwel Cornet	maxwelcornet	30	6	2022	FW	1996	West Ham United F.C.	ENG	FALSE
Ivory Coast	Wilfried Kanga	wilfriedkanga	2	0	2022	FW	1998	Hertha BSC	GER	FALSE
Ivory Coast	Sébastien Haller	sebastienhaller	15	4	2022	FW	1994	Borussia Dortmund	GER	FALSE
Ivory Coast	Yohan Boli	yohanboli	12	0	2022	FW	1993	Al-Rayyan SC	QAT	FALSE
Kenya	Ian Otieno	ianotieno	10	0	2022	GK	1993	ZESCO United F.C.	ZAM	TRUE
Kenya	James Saruni	jamessaruni	2	0	2022	GK	1985	Ulinzi Stars F.C.	KEN	TRUE
Kenya	Brian Bwire	brianbwire	1	0	2022	GK	2000	Tusker F.C.	KEN	TRUE
Kenya	Musa Mohammed	musamohammed	44	0	2022	DF	1991	Lusaka Dynamos F.C.	ZAM	TRUE
Kenya	Aboud Omar	aboudomar	40	0	2022	DF	1992	Athlitiki Enosi Larissa F.C.	GRE	TRUE
Kenya	David Ochieng	davidochieng	35	2	2022	DF	1992	Mathare United F.C.	KEN	TRUE
Kenya	Erick Otieno	erickotieno	34	0	2022	DF	1995	AIK Fotboll	SWE	TRUE
Kenya	Joseph Okumu	josephokumu	15	0	2022	DF	1997	K.A.A. Gent	BEL	TRUE
Kenya	Johnstone Omurwa	johnstoneomurwa	11	0	2022	DF	1998	Sektzia Nes Tziona F.C.	ISR	TRUE
Kenya	Teddy Akumu	teddyakumu	45	0	2022	MF	1992	Kaizer Chiefs F.C.	RSA	TRUE
Kenya	Clifton Miheso	cliftonmiheso	43	7	2022	MF	1993	Gor Mahia F.C.	KEN	TRUE
Kenya	Eric Johana Omondi	ericjohanaomondi	36	4	2022	MF	1994	Muangthong United F.C.	THA	TRUE
Kenya	Kenneth Muguna	kennethmuguna	24	2	2022	MF	1996	Azam F.C.	TAN	TRUE
Kenya	Hassan Abdallah	hassanabdallah	16	6	2022	MF	1996	Bandari F.C. (Kenya)	KEN	TRUE
Kenya	Samuel Onyango	samuelonyango	13	0	2022	MF	1994	Gor Mahia F.C.	KEN	TRUE
Kenya	Duke Abuya	dukeabuya	8	0	2022	MF	1994	Nkana F.C.	ZAM	TRUE
Kenya	Cliff Nyakeya	cliffnyakeya	8	2	2022	MF	1995	Al Masry SC	EGY	TRUE
Kenya	Richard Odada	richardodada	4	0	2022	MF	2000	Philadelphia Union	USA	TRUE
Kenya	Anthony Wambani	anthonywambani	3	0	2022	MF	1999	Vasalunds IF	SWE	TRUE
Kenya	Amos Nondi	amosnondi	0	0	2022	MF	1999	FC Dila Gori	GEO	TRUE
Kenya	Timothy Ouma	timothyouma	2	0	2022	MF	2004	IF Elfsborg	SWE	TRUE
Kenya	Alwyn Tera	alwyntera	0	0	2022	MF	1997	FC Ararat-Armenia	ARM	TRUE
Kenya	Michael Olunga	michaelolunga	44	19	2022	FW	1994	Al-Duhail SC	QAT	TRUE
Kenya	Ismael Dunga	ismaeldunga	0	0	2022	FW	1993	Kamatamare Sanuki	JPN	TRUE
Kenya	Farouk Shikhalo	faroukshikhalo	0	0	2021	GK	1996	Kinondoni Municipal Council F.C.	TAN	FALSE
Kenya	Joseph Okoth	josephokoth	0	0	2021	GK	1993	Kenya Commercial Bank S.C.	KEN	FALSE
Kenya	David Owino	davidowino	1	0	2021	DF	1998	Kenya Commercial Bank S.C.	KEN	FALSE
Kenya	Joash Onyango	joashonyango	18	0	2021	DF	1993	Simba S.C.	TAN	FALSE
Kenya	Daniel Sakari	danielsakari	11	0	2021	DF	1999	Tusker F.C.	KEN	FALSE
Kenya	Eugene Asike	eugeneasike	6	0	2021	DF	1993	IF Karlstad Fotboll	SWE	FALSE
Kenya	Bolton Omwenga	boltonomwenga	5	0	2021	DF	1996	Kagera Sugar F.C.	TAN	FALSE
Kenya	Haron Shakava	haronshakava	6	1	2021	DF	1992	Nkana F.C.	ZAM	FALSE
Kenya	Andrew Juma	andrewjuma	1	0	2021	DF	1997	Gor Mahia F.C.	KEN	FALSE
Kenya	Siraj Mohammed	sirajmohammed	0	0	2021	DF	1998	Bandari F.C. (Kenya)	KEN	FALSE
Kenya	Frank Odhiambo	frankodhiambo	1	0	2021	DF	2002	IFK Haninge	SWE	FALSE
Kenya	Lawrence Juma	lawrencejuma	13	0	2021	MF	1992	Sofapaka F.C.	KEN	FALSE
Kenya	Ismael Athuman	ismaelathuman	11	0	2021	MF	1995	Real Murcia	SPA	FALSE
Kenya	Boniface Muchiri	bonifacemuchiri	6	0	2021	MF	1996	Tusker F.C.	KEN	FALSE
Kenya	Philip Mayaka	philipmayaka	0	0	2021	MF	2000	Colorado Rapids	USA	FALSE
Kenya	Eric Zakayo	ericzakayo	0	0	2021	MF	1998	Tusker F.C.	KEN	FALSE
Kenya	Patilah Omoto	patilahomoto	16	0	2021	MF	1995	F.C. Kariobangi Sharks	KEN	FALSE
Kenya	Duncan Otieno	duncanotieno	13	1	2021	MF	1994	Lusaka Dynamos F.C.	ZAM	FALSE
Kenya	Jackson Macharia	jacksonmacharia	1	0	2021	MF	1994	Tusker F.C.	KEN	FALSE
Kenya	Enoch Momanyi	enochmomanyi	0	0	2021	MF		F.C. Talanta	KEN	FALSE
Kenya	Erick Kapaito	erickkapaito	3	1	2021	FW	1995	Arba Minch City F.C.	ETH	FALSE
Kenya	Henry Atola	henryatola	2	0	2021	FW	2001	AIK Fotboll	SWE	FALSE
Kenya	Masoud Juma	masoudjuma	16	5	2021	FW	1996	Difaâ Hassani El Jadidi	MAR	FALSE
Kenya	Elvis Rupia	elvisrupia	2	1	2021	FW	1995	A.F.C. Leopards	KEN	FALSE
Madagascar	Melvin Adrien	melvinadrien	20	0	2022	GK	1993	Thonon Evian Grand Genève FC	FRA	TRUE
Madagascar	Nina Razakanirina	ninarazakanirina	2	0	2022	GK	1999	Fosa Juniors FC	MAD	TRUE
Madagascar	Mathyas Randriamamy	mathyasrandriamamy	1	0	2022	GK	2003	Paris Saint-Germain Academy	FRA	TRUE
Madagascar	Jérôme Mombris	jeromemombris	24	0	2022	DF	1987	Gazélec Ajaccio	FRA	TRUE
Madagascar	Thomas Fontaine	thomasfontaine	23	1	2022	DF	1991	PFC Beroe Stara Zagora	BUL	TRUE
Madagascar	Tantely Randrianiana	tantelyrandrianiana	18	0	2022	DF	1989	CNaPS Sport	MAD	TRUE
Madagascar	Rajo Razafindrabe	rajorazafindrabe	6	0	2022	DF	1997	Zanak'Ala FC Haute Matsiatra	MAD	TRUE
Madagascar	Fabien Boyer	fabienboyer	4	0	2022	DF	1991	AS Excelsior	REU	TRUE
Madagascar	Sylvio Ouassiero	sylvioouassiero	4	0	2022	DF	1994	F91 Dudelange	LUX	TRUE
Madagascar	Dorian Bertrand	dorianbertrand	3	0	2022	DF	1993	FC Argeș Pitești	ROU	TRUE
Madagascar	Rémy Vita	remyvita	0	0	2022	DF	2001	Fortuna Sittard	NED	TRUE
Madagascar	Ibrahim Amada	ibrahimamada	35	2	2022	MF	1990	Al Qadsiah FC	KSA	TRUE
Madagascar	Rayan Raveloson	rayanraveloson	20	2	2022	MF	1997	AJ Auxerre	FRA	TRUE
Madagascar	Anicet Abel	anicetabel	19	3	2022	MF	1990	PFC Beroe Stara Zagora	BUL	TRUE
Madagascar	Marco Ilaimaharitra	marcoilaimaharitra	19	2	2022	MF	1995	R. Charleroi S.C.	BEL	TRUE
Madagascar	Loïc Lapoussin	loiclapoussin	11	0	2022	MF	1996	Royale Union Saint-Gilloise	BEL	TRUE
Madagascar	Rojolalaina Andraiamanjato	rojolalainaandraiamanjato	7	1	2022	MF	1992	ASSM Elgeco Plus	MAD	TRUE
Madagascar	Bastien Héry	bastienhery	7	0	2022	MF	1992	Galway United F.C.	IRL	TRUE
Madagascar	Lalaina Rafanomezantsoa	lalainarafanomezantsoa	0	0	2022	MF	1998	CFF Andoharanofotsy Analamanga	MAD	TRUE
Madagascar	Paulin Voavy	paulinvoavy	65	14	2022	FW	1987	Ghazl El Mahalla SC	EGY	TRUE
Madagascar	Njiva Rakotoharimalala	njivarakotoharimalala	46	12	2022	FW	1992	Al Jandal SC	KSA	TRUE
Madagascar	Carolus Andriamatsinoro	carolusandriamatsinoro	44	11	2022	FW	1989	Najran SC	KSA	TRUE
Madagascar	Fabrice Rakotondraibe	fabricerakotondraibe	10	1	2022	FW	1993	Saint-Denis FC	REU	TRUE
Madagascar	Arnaud Randrianantenaina	arnaudrandrianantenaina	9	2	2022	FW	2001	El Gouna FC	EGY	TRUE
Madagascar	Alexandre Ramalingom	alexandreramalingom	5	2	2022	FW	1993	CS Sedan Ardennes	FRA	TRUE
Madagascar	Julio Donisa	juliodonisa	2	0	2022	FW	1994	FC Argeș Pitești	ROU	TRUE
Madagascar	Tsilavina Fanomezantsoa	tsilavinafanomezantsoa	2	0	2022	FW	1999	Fosa Juniors FC	MAD	TRUE
Madagascar	Razakanirina Rakotoasimbola	razakanirinarakotoasimbola	0	0	2021	GK	1999	ASSM Elgeco Plus	MAD	FALSE
Madagascar	Yannick Pandor	yannickpandor	0	0	2021	GK	2001	RC Lens	FRA	FALSE
Madagascar	Gervais Randrianarisoa	gervaisrandrianarisoa	51	0	2021	DF	1984	La Tamponnaise	REU	FALSE
Madagascar	Pascal Razakanantenaina	pascalrazakanantenaina	41	2	2021	DF	1987	JS Saint-Pierroise	REU	FALSE
Madagascar	Romain Métanire	romainmetanire	22	0	2021	DF	1990	Minnesota United FC	USA	FALSE
Madagascar	Jérémy Morel	jeremymorel	12	1	2021	DF	1984	'Retired''		FALSE
Madagascar	Nomena Andriantiana	nomenaandriantiana	0	0	2021	DF	2000	Aubagne FC	FRA	FALSE
Madagascar	Jules Solonantenaina	julessolonantenaina	0	0	2021	DF	1999	CFF Andoharanofotsy Analamanga	MAD	FALSE
Madagascar	Théodin Ramanjary	theodinramanjary	5	0	2021	DF	1996	Fosa Juniors FC	MAD	FALSE
Madagascar	Lalaïna Nomenjanahary	lalainanomenjanahary	47	5	2021	MF	1986	'Retired''		FALSE
Madagascar	Tsiry Razafindrasata	tsiryrazafindrasata	1	0	2021	MF	1995	Fosa Juniors FC	MAD	FALSE
Madagascar	Zotsara Randriambololona	zotsararandriambololona	21	0	2021	MF	1994	CSF Bălți	MDA	FALSE
Madagascar	Dimitry Caloin	dimitrycaloin	11	0	2021	MF	1990	Angoulême Charente FC	FRA	FALSE
Madagascar	Hakim Abdallah	hakimabdallah	10	1	2021	FW	1998	R.E. Virton	BEL	FALSE
Madagascar	Henri Charles Gladyson	henricharlesgladyson	4	0	2021	FW	1989	AS Excelsior	REU	FALSE
Madagascar	Koloina Razafidranaivo	koloinarazafidranaivo	0	0	2021	FW	2000	CFF Andoharanofotsy Analamanga	MAD	FALSE
Mali	Djigui Diarra	djiguidiarra	48	0	2022	GK	1995	Young Africans	TZA	TRUE
Mali	Ibrahim Mounkoro	ibrahimmounkoro	14	0	2022	GK	1990	TP Mazembe	COD	TRUE
Mali	Ismael Diawara	ismaeldiawara	5	0	2022	GK	1994	Malmö FF	SWE	TRUE
Mali	Hamari Traoré	hamaritraore	44	1	2022	DF	1992	Stade Rennais F.C.	FRA	TRUE
Mali	Falaye Sacko	falayesacko	29	1	2022	DF	1995	Montpellier HSC	FRA	TRUE
Mali	Mamadou Fofana	mamadoufofana	28	2	2022	DF	1998	Amiens SC	FRA	TRUE
Mali	Boubakar Kouyaté	boubakarkouyate	23	0	2022	DF	1997	FC Metz	FRA	TRUE
Mali	Massadio Haïdara	massadiohaidara	14	1	2022	DF	1992	RC Lens	FRA	TRUE
Mali	Amadou Dante	amadoudante	2	0	2022	DF	2000	SK Sturm Graz	AUT	TRUE
Mali	Daouda Guindo	daoudaguindo	0	0	2022	DF	2002	FC St. Gallen	SUI	TRUE
Mali	Amadou Haidara	amadouhaidara	32	2	2022	MF	1998	RB Leipzig	GER	TRUE
Mali	Lassana Coulibaly	lassanacoulibaly	31	0	2022	MF	1996	U.S. Salernitana 1919	ITA	TRUE
Mali	Diadie Samassékou	diadiesamassekou	30	1	2022	MF	1996	Olympiacos F.C.	GRE	TRUE
Mali	Cheick Doucouré	cheickdoucoure	8	0	2022	MF	2000	Crystal Palace F.C.	ENG	TRUE
Mali	Boubacar Traoré	boubacartraore	1	0	2022	MF	2001	Wolverhampton Wanderers F.C.	ENG	TRUE
Mali	Fady Sidiki Coulibaly	fadysidikicoulibaly	0	0	2022	MF	2002	Djoliba AC	MLI	TRUE
Mali	Kalifa Coulibaly	kalifacoulibaly	28	6	2022	FW	1991	Red Star Belgrade	SER	TRUE
Mali	Sékou Koïta	sekoukoita	17	4	2022	FW	1999	FC Red Bull Salzburg	AUT	TRUE
Mali	Ibrahima Koné	ibrahimakone	14	8	2022	FW	1999	FC Lorient	FRA	TRUE
Mali	El Bilal Touré	elbilaltoure	15	5	2022	FW	2001	UD Almería	ESP	TRUE
Mali	Nene Dorgeles	nenedorgeles	4	0	2022	FW	2002	K.V.C. Westerlo	BEL	TRUE
Mali	Aboubacar Diarra	aboubacardiarra	1	0	2022	FW	1993	Al-Wehdat SC	JOR	TRUE
Mali	Ibrahim Diarra	ibrahimdiarra	0	0	2022	FW	1998	GOAL FC	FRA	TRUE
Mali	Almamy Touré	almamytoure	0	0	2022	DF	1996	Eintracht Frankfurt	GER	FALSE
Mali	Senou Coulibaly	senoucoulibaly	3	0	2022	DF	1994	Dijon FCO	FRA	FALSE
Mali	Cheick Traoré	cheicktraore	2	0	2022	DF	1995	Dijon FCO	FRA	FALSE
Mali	Issaka Samaké	issakasamake	18	2	2021	DF	1994	Horoya AC	GUI	FALSE
Mali	Charles Traoré	charlestraore	8	0	2021	DF	1992	FC Nantes	FRA	FALSE
Mali	Moussa Sissako	moussasissako	4	0	2021	DF	2000	PFC Sochi	RUS	FALSE
Mali	Yves Bissouma	yvesbissouma	27	3	2022	MF	1996	Tottenham Hotspur F.C.	ENG	FALSE
Mali	Aliou Dieng	alioudieng	25	2	2022	MF	1997	Al Ahly SC	EGY	FALSE
Mali	Mohamed Camara	mohamedcamara	12	3	2022	MF	2000	AS Monaco FC	Monaco	FALSE
Mali	Yaqoub Alhassan	yaqoubalhassan	0	0	2022	MF	2001	Al Taawoun FC	KSA	FALSE
Mali	Abdoulaye Doucouré	abdoulayedoucoure	2	0	2022	MF	1993	Everton F.C.	ENG	FALSE
Mali	Adama Traoré	adamatraore	47	8	2022	FW	1995	Ferencvárosi TC	HUN	FALSE
Mali	Rominigue Kouamé	rominiguekouame	10	0	2021	MF	1996	ES Troyes AC	FRA	FALSE
Mali	Hamidou Traoré	hamidoutraore	1	0	2021	MF	1996	Giresunspor	TUR	FALSE
Mali	Kamory Doumbia	kamorydoumbia	0	0	2022	MF	2003	Stade de Reims	FRA	FALSE
Mali	Moussa Djenepo	moussadjenepo	29	3	2022	FW	1998	Southampton F.C.	ENG	FALSE
Mali	Moussa Doumbia	moussadoumbia	36	5	2022	FW	1994	FC Sochaux Montbéliard	FRA	FALSE
Mali	Abdoulay Diaby	abdoulaydiaby	26	7	2022	FW	1991	Al Jazira Club	UAE	FALSE
Mali	Saliou Guindo	saliouguindo	1	0	2022	FW	1996	Dibba Al Fujairah Club	UAE	FALSE
Mali	Ibrahim Sissoko	ibrahimsissoko	0	0	2022	FW	1995	FC Sochaux Montbéliard	FRA	FALSE
Mali	Lassine Sinayoko	lassinesinayoko	5	0	2021	FW	1999	AJ Auxerre	FRA	FALSE
Morocco	Yassine Bounou	yassinebounou	52	0	2022	GK	1991	Sevilla FC	ESP	TRUE
Morocco	Munir Mohamedi	munirmohamedi	44	0	2022	GK	1989	Al Wehda FC	KSA	TRUE
Morocco	Ahmed Reda Tagnaouti	ahmedredatagnaouti	3	0	2022	GK	1996	Wydad AC	MAR	TRUE
Morocco	Achraf Hakimi	achrafhakimi	61	8	2022	DF	1998	Paris Saint-Germain F.C.	FRA	TRUE
Morocco	Noussair Mazraoui	noussairmazraoui	20	2	2022	DF	1997	FC Bayern Munich	GER	TRUE
Morocco	Nayef Aguerd	nayefaguerd	26	1	2022	DF	1996	West Ham United F.C.	ENG	TRUE
Morocco	Romain Saïss	romainsaiss	72	2	2022	DF	1990	Beşiktaş J.K.	TUR	TRUE
Morocco	Jawad El Yamiq	jawadelyamiq	18	2	2022	DF	1992	Real Valladolid	ESP	TRUE
Morocco	Achraf Dari	achrafdari	8	1	2022	DF	1999	Stade Brestois 29	FRA	TRUE
Morocco	Badr Benoun	badrbenoun	6	0	2022	DF	1993	Qatar SC	QAT	TRUE
Morocco	Yahia Attiyat Allah	yahiaattiyatallah	8	0	2022	DF	1995	Wydad AC	MAR	TRUE
Morocco	Sofyan Amrabat	sofyanamrabat	46	0	2022	MF	1996	ACF Fiorentina	ITA	TRUE
Morocco	Hakim Ziyech	hakimziyech	50	19	2022	MF	1993	Chelsea F.C.	ENG	TRUE
Morocco	Azzedine Ounahi	azzedineounahi	17	2	2022	MF	2000	Angers SCO	FRA	TRUE
Morocco	Abdelhamid Sabiri	abdelhamidsabiri	7	1	2022	MF	1996	U.C. Sampdoria	ITA	TRUE
Morocco	Ilias Chair	iliaschair	12	1	2022	MF	1997	Queens Park Rangers F.C.	ENG	TRUE
Morocco	Selim Amallah	selimamallah	31	4	2022	MF	1996	Standard Liège	BEL	TRUE
Morocco	Bilal El Khannous	bilalelkhannous	1	0	2022	MF	2004	K.R.C. Genk	BEL	TRUE
Morocco	Yahya Jabrane	yahyajabrane	7	0	2022	MF	1991	Wydad AC	MAR	TRUE
Morocco	Abderrazak Hamdallah	abderrazakhamdallah	22	6	2022	FW	1990	Al-Ittihad Club (Jeddah)	KSA	TRUE
Morocco	Anass Zaroury	anasszaroury	2	0	2022	FW	2000	Burnley F.C.	ENG	TRUE
Morocco	Zakaria Aboukhlal	zakariaaboukhlal	16	3	2022	FW	2000	Toulouse FC	FRA	TRUE
Morocco	Abde Ezzalzouli	abdeezzalzouli	5	0	2022	FW	2001	CA Osasuna	ESP	TRUE
Morocco	Sofiane Boufal	sofianeboufal	39	6	2022	FW	1993	Angers SCO	FRA	TRUE
Morocco	Youssef En-Nesyri	youssefennesyri	57	17	2022	FW	1997	Sevilla FC	ESP	TRUE
Morocco	Walid Cheddira	walidcheddira	4	0	2022	FW	1998	S.S.C. Bari	ITA	TRUE
Morocco	Anas Zniti	anaszniti	5	0	2022	GK	1988	Raja CA	MAR	FALSE
Morocco	Samy Mmaee	samymmaee	10	0	2022	DF	1996	Ferencvárosi TC	HUN	FALSE
Morocco	Fahd Moufi	fahdmoufi	0	0	2022	DF	1996	Portimonense S.C.	POR	FALSE
Morocco	Hamza El Moussaoui	hamzaelmoussaoui	0	0	2022	DF	1993	RS Berkane	MAR	FALSE
Morocco	Sofiane Alakouch	sofianealakouch	4	0	2022	DF	1998	FC Metz	FRA	FALSE
Morocco	Sofian Chakla	sofianchakla	4	0	2022	DF	1993	Oud-Heverlee Leuven	BEL	FALSE
Morocco	Mohamed Chibi	mohamedchibi	1	0	2022	DF	1993	Pyramids FC	EGY	FALSE
Morocco	Adam Masina	adammasina	16	0	2022	DF	1994	Udinese Calcio	ITA	FALSE
Morocco	Souffian El Karouani	souffianelkarouani	3	0	2021	DF	2000	NEC Nijmegen	NED	FALSE
Morocco	Younès Belhanda	younesbelhanda	59	5	2022	MF	1990	Adana Demirspor	TUR	FALSE
Morocco	Fayçal Fajr	faycalfajr	51	4	2022	MF	1988	Al Wehda FC	KSA	FALSE
Morocco	Aymen Barkok	aymenbarkok	18	1	2022	MF	1998	1. FSV Mainz 05	GER	FALSE
Morocco	Adel Taarabt	adeltaarabt	30	4	2022	MF	1989	Al-Nasr SC (Dubai)	UAE	FALSE
Morocco	Imran Louza	imranlouza	11	2	2022	MF	1999	Watford F.C.	ENG	FALSE
Morocco	Amine Harit	amineharit	16	0	2022	FW	1997	Olympique de Marseille	FRA	FALSE
Morocco	Munir El Haddadi	munirelhaddadi	11	2	2022	FW	1995	Getafe CF	ESP	FALSE
Morocco	Ryan Mmaee	ryanmmaee	14	4	2022	FW	1997	Ferencvárosi TC	HUN	FALSE
Morocco	Ayoub El Kaabi	ayoubelkaabi	23	8	2022	FW	1993	Hatayspor	TUR	FALSE
Morocco	Soufiane Rahimi	soufianerahimi	6	0	2022	FW	1996	Al Ain FC	UAE	FALSE
Morocco	Tarik Tissoudali	tariktissoudali	9	2	2022	FW	1993	K.A.A. Gent	BEL	FALSE
Morocco	Achraf Bencharki	achrafbencharki	11	0	2021	FW	1994	Al Jazira Club	UAE	FALSE
Nigeria	Maduka Okoye	madukaokoye	16	0	2022	GK	1999	Watford F.C.	ENG	TRUE
Nigeria	Adebayo Adeleye	adebayoadeleye	0	0	2022	GK	2000	Hapoel Jerusalem F.C.	ISR	TRUE
Nigeria	Francis Uzoho	francisuzoho	27	0	2022	GK	1998	AC Omonia	CYP	TRUE
Nigeria	Bright Osayi-Samuel	brightosayisamuel	1	0	2022	DF	1997	Fenerbahçe S.K.	TUR	TRUE
Nigeria	Ebube Duru	ebubeduru	0	0	2022	DF	1999	Lobi Stars F.C.	NGA	TRUE
Nigeria	William Troost-Ekong	williamtroostekong	63	4	2022	DF	1993	Watford F.C.	ENG	TRUE
Nigeria	Kevin Akpoguma	kevinakpoguma	6	0	2022	DF	1995	TSG 1899 Hoffenheim	GER	TRUE
Nigeria	Calvin Bassey	calvinbassey	8	0	2022	DF	1999	AFC Ajax	NED	TRUE
Nigeria	Chidozie Awaziem	chidozieawaziem	28	1	2022	DF	1997	HNK Hajduk Split	CRO	TRUE
Nigeria	Tyronne Ebuehi	tyronneebuehi	10	0	2022	DF	1995	Empoli F.C.	ITA	TRUE
Nigeria	Sopuruchukwu Onyemaechi	sopuruchukwuonyemaechi	0	0	2022	DF	1999	C.D. Feirense	POR	TRUE
Nigeria	Wilfred Ndidi	wilfredndidi	48	0	2022	MF	1996	Leicester City F.C.	ENG	TRUE
Nigeria	Peter Etebo	peteretebo	45	3	2022	MF	1995	Aris Thessaloniki F.C.	GRE	TRUE
Nigeria	Joe Aribo	joearibo	21	2	2022	MF	1996	Southampton F.C.	ENG	TRUE
Nigeria	Frank Onyeka	frankonyeka	9	0	2022	MF	1998	Brentford F.C.	ENG	TRUE
Nigeria	Alex Iwobi	alexiwobi	61	10	2022	MF	1996	Everton F.C.	ENG	TRUE
Nigeria	Ademola Lookman	ademolalookman	6	1	2022	FW	1997	Atalanta B.C.	ITA	TRUE
Nigeria	Cyriel Dessers	cyrieldessers	4	1	2022	FW	1994	U.S. Cremonese	ITA	TRUE
Nigeria	Samuel Chukwueze	samuelchukwueze	25	4	2022	FW	1999	Villarreal CF	ESP	TRUE
Nigeria	Terem Moffi	teremmoffi	8	3	2022	FW	1999	FC Lorient	FRA	TRUE
Nigeria	Emmanuel Dennis	emmanueldennis	8	1	2022	FW	1997	Nottingham Forest F.C.	ENG	TRUE
Nigeria	Moses Simon	mosessimon	55	7	2022	FW	1995	FC Nantes	FRA	TRUE
Nigeria	Paul Onuachu	paulonuachu	17	3	2022	FW	1994	KRC Genk	BEL	TRUE
Nigeria	Kayode Bankole	kayodebankole	0	0	2022	GK	2002	Remo Stars F.C.	NGA	FALSE
Nigeria	Nathaniel Nwosu	nathanielnwosu	0	0	2022	GK	2006	Water F.C.	NGA	FALSE
Nigeria	Ojo Olorunleke	ojoolorunleke	0	0	2022	GK	1995	Enyimba F.C.	NGA	FALSE
Nigeria	Daniel Akpeyi	danielakpeyi	18	0	2022	GK	1986	'Free agent''		FALSE
Nigeria	John Noble Barinyima	johnnoblebarinyima	0	0	2021	GK	1993	Enyimba F.C.	NGA	FALSE
Nigeria	Chidiebere Nwobodo	chidieberenwobodo	0	0	2022	DF	2003	Rangers International F.C.	NGA	FALSE
Nigeria	Evans Ogbonda	evansogbonda	0	0	2022	DF	2002	Akwa United F.C.	NGA	FALSE
Nigeria	Mustapha Jibrin	mustaphajibrin	0	0	2022	DF	2001	Abia Warriors F.C.	NGA	FALSE
Nigeria	Ejeh Isaiah	ejehisaiah	0	0	2022	DF	2002	Kwara United F.C.	NGA	FALSE
Nigeria	Ola Aina	olaaina	29	0	2022	DF	1996	Torino F.C.	ITA	FALSE
Nigeria	Zaidu Sanusi	zaidusanusi	12	0	2022	DF	1997	FC Porto	POR	FALSE
Nigeria	Valentine Ozornwafor	valentineozornwafor	0	0	2022	DF	1999	FC Sochaux-Montbéliard	FRA	FALSE
Nigeria	Kenneth Omeruo	kennethomeruo	59	1	2022	DF	1993	CD Leganés	ESP	FALSE
Nigeria	Ibrahim Buhari	ibrahimbuhari	0	0	2022	DF	2001	IF Elfsborg	SWE	FALSE
Nigeria	Isa Ali	isaali	0	0	2022	DF	2001	Remo Stars F.C.	NGA	FALSE
Nigeria	Jamilu Collins	jamilucollins	26	0	2022	DF	1994	Cardiff City F.C.	WAL	FALSE
Nigeria	Olisa Ndah	olisandah	2	0	2021	DF	1998	Orlando Pirates F.C.	RSA	FALSE
Nigeria	Daniel Wotlai	danielwotlai	0	0	2022	MF		Abia Warriors F.C.	NGA	FALSE
Nigeria	Afeez Nosiru	afeeznosiru	0	0	2022	MF		Kwara United F.C.	NGA	FALSE
Nigeria	Paul Samson	paulsamson	0	0	2022	MF		Abia Warriors F.C.	NGA	FALSE
Nigeria	Qudus Akanni	qudusakanni	0	0	2022	MF	2000	Remo Stars F.C.	NGA	FALSE
Nigeria	Raphael Onyedika	raphaelonyedika	1	0	2022	MF	2001	Club Brugge KV	BEL	FALSE
Nigeria	Chiamaka Madu	chiamakamadu	1	0	2022	MF	1996	Rivers United F.C.	NGR	FALSE
Nigeria	Babatunde Bello	babatundebello	0	0	2022	MF	2003	Akwa United F.C.	NGA	FALSE
Nigeria	Nosiru Babatunde	nosirubabatunde	0	0	2022	MF		Kwara United F.C.	NGA	FALSE
Nigeria	Azubuike Okechukwu	azubuikeokechukwu	1	0	2022	MF	1997	İstanbul Başakşehir F.K.	TUR	FALSE
Nigeria	Samson Tijani	samsontijani	1	0	2022	MF	2002	FC Red Bull Salzburg	AUT	FALSE
Nigeria	Alhassan Yusuf	alhassanyusuf	0	0	2022	MF	2000	Royal Antwerp F.C.	BEL	FALSE
Nigeria	Akinkunmi Amoo	akinkunmiamoo	0	0	2022	MF	2002	F.C. Copenhagen	DEN	FALSE
Nigeria	Ogenyi Onazi	ogenyionazi	53	1	2022	MF	1992	Casertana F.C.	ITA	FALSE
Nigeria	Kelechi Nwakali	kelechinwakali	4	0	2021	MF	1998	SD Ponferradina	ESP	FALSE
Nigeria	Victor Osimhen	victorosimhen	22	15	2022	FW	1998	S.S.C. Napoli	ITA	FALSE
Nigeria	Sunday Faleye	sundayfaleye	5	1	2022	FW	1998	Shooting Stars S.C	NGA	FALSE
Nigeria	Ezekiel Edidiong	ezekieledidiong	0	0	2022	FW	2001	Remo Stars F.C.	NGA	FALSE
Nigeria	Jerry Alex	jerryalex	0	0	2022	FW		Lobi Stars F.C.	NGA	FALSE
Nigeria	Saviour Godwin	saviourgodwin	1	0	2022	FW	1996	Casa Pia A.C.	POR	FALSE
Nigeria	Kelechi Iheanacho	kelechiiheanacho	44	12	2022	FW	1996	Leicester City F.C.	ENG	FALSE
Nigeria	Chidera Ejuke	chideraejuke	3	0	2022	FW	1998	Hertha BSC	GER	FALSE
Nigeria	Umar Sadiq	umarsadiq	5	1	2022	FW	1997	Real Sociedad	ESP	FALSE
Nigeria	Victor Mbaoma	victormbaoma	2	0	2022	FW	1996	Enyimba F.C.	NGA	FALSE
Nigeria	Ishaq Rafiu	ishaqrafiu	1	0	2022	FW	2000	NK Maribor	SVN	FALSE
Nigeria	Odion Ighalo	odionighalo	37	16	2022	FW	1989	Al Hilal SFC	KSA	FALSE
Nigeria	Peter Olayinka	peterolayinka	5	0	2022	FW	1995	SK Slavia Prague	CZE	FALSE
Nigeria	Taiwo Awoniyi	taiwoawoniyi	4	1	2022	FW	1997	Nottingham Forest F.C.	ENG	FALSE
Nigeria	Henry Onyekuru	henryonyekuru	16	2	2021	FW	1997	Adana Demirspor	TUR	FALSE
Senegal	Seny Dieng	senydieng	4	0	2022	GK	1994	Queens Park Rangers F.C.	ENG	TRUE
Senegal	Édouard Mendy	edouardmendy	29	0	2022	GK	1992	Chelsea F.C.	ENG	TRUE
Senegal	Alfred Gomis	alfredgomis	13	0	2022	GK	1993	Stade Rennais F.C.	FRA	TRUE
Senegal	Formose Mendy	formosemendy	2	0	2022	DF	2001	Amiens SC	FRA	TRUE
Senegal	Kalidou Koulibaly	kalidoukoulibaly	68	1	2022	DF	1991	Chelsea F.C.	ENG	TRUE
Senegal	Pape Abou Cissé	papeaboucisse	16	1	2022	DF	1995	Olympiacos F.C.	GRE	TRUE
Senegal	Moussa N'Diaye	moussandiaye	0	0	2022	DF	2000	R.S.C. Anderlecht	BEL	TRUE
Senegal	Fodé Ballo-Touré	fodeballotoure	15	0	2022	DF	1997	A.C. Milan	ITA	TRUE
Senegal	Ismail Jakobs	ismailjakobs	6	0	2022	DF	1999	AS Monaco FC	FRA	TRUE
Senegal	Youssouf Sabaly	youssoufsabaly	28	0	2022	DF	1993	Real Betis	ESP	TRUE
Senegal	Abdou Diallo	abdoudiallo	22	2	2022	DF	1996	RB Leipzig	GER	TRUE
Senegal	Idrissa Gueye	idrissagueye	99	7	2022	MF	1989	Everton F.C.	ENG	TRUE
Senegal	Nampalys Mendy	nampalysmendy	23	0	2022	MF	1992	Leicester City F.C.	ENG	TRUE
Senegal	Cheikhou Kouyaté	cheikhoukouyate	84	4	2022	MF	1989	Nottingham Forest F.C.	ENG	TRUE
Senegal	Pathé Ciss	patheciss	4	0	2022	MF	1994	Rayo Vallecano	ESP	TRUE
Senegal	Krépin Diatta	krepindiatta	29	2	2022	MF	1999	AS Monaco FC	FRA	TRUE
Senegal	Pape Matar Sarr	papematarsarr	12	0	2022	MF	2002	Tottenham Hotspur F.C.	ENG	TRUE
Senegal	Moustapha Name	moustaphaname	6	0	2022	MF	1995	Pafos FC	CYP	TRUE
Senegal	Mamadou Loum	mamadouloum	3	0	2022	MF	1996	Reading F.C.	ENG	TRUE
Senegal	Pape Gueye	papegueye	15	0	2022	MF	1999	Olympique de Marseille	FRA	TRUE
Senegal	Nicolas Jackson	nicolasjackson	2	0	2022	FW	2001	Villarreal CF	ESP	TRUE
Senegal	Boulaye Dia	boulayedia	23	4	2022	FW	1996	U.S. Salernitana 1919	ITA	TRUE
Senegal	Iliman Ndiaye	ilimanndiaye	5	0	2022	FW	2000	Sheffield United F.C.	ENG	TRUE
Senegal	Ismaïla Sarr	ismailasarr	52	11	2022	FW	1998	Watford F.C.	ENG	TRUE
Senegal	Famara Diédhiou	famaradiedhiou	27	11	2022	FW	1992	Alanyaspor	TUR	TRUE
Senegal	Bamba Dieng	bambadieng	17	2	2022	FW	2000	Olympique de Marseille	FRA	TRUE
Senegal	Alioune Badara Faty	aliounebadarafaty	0	0	2022	GK	1999	Casa Sports	SEN	FALSE
Senegal	Bingourou Kamara	bingouroukamara	2	0	2022	GK	1996	Montpellier HSC	FRA	FALSE
Senegal	Mory Diaw	morydiaw	0	0	2022	GK	1993	Clermont Foot	FRA	FALSE
Senegal	Abdoulaye Seck	abdoulayeseck	5	0	2022	DF	1992	Maccabi Haifa F.C.	ISR	FALSE
Senegal	Bouna Sarr	bounasarr	13	0	2022	DF	1992	FC Bayern Munich	GER	FALSE
Senegal	Saliou Ciss	saliouciss	37	0	2022	DF	1989	Free agent		FALSE
Senegal	Moussa Niakhaté	moussaniakhate	0	0	2022	DF	1996	Nottingham Forest F.C.	ENG	FALSE
Senegal	Noah Fadiga	noahfadiga	0	0	2022	DF	1999	Stade Brestois 29	FRA	FALSE
Senegal	Alpha Diounkou	alphadiounkou	0	0	2022	DF	2001	FC Barcelona Atlétic	ESP	FALSE
Senegal	Ibrahima Mbaye	ibrahimambaye	8	0	2021	DF	1994	CFR Cluj	ROM	FALSE
Senegal	Boubakary Soumaré	boubakarysoumare	0	0	2022	MF	1999	Leicester City F.C.	ENG	FALSE
Senegal	Joseph Lopy	josephlopy	7	0	2021	MF	1992	FC Sochaux-Montbéliard	FRA	FALSE
Senegal	Sadio Mané	sadiomane	93	34	2022	FW	1992	FC Bayern Munich	GER	FALSE
Senegal	Habib Diallo	habibdiallo	14	2	2022	FW	1995	RC Strasbourg Alsace	FRA	FALSE
Senegal	Keita Baldé	keitabalde	40	6	2022	FW	1995	FC Spartak Moscow	RUS	FALSE
Senegal	Mame Thiam	mamethiam	4	0	2022	FW	1992	Kayserispor	TUR	FALSE
Senegal	Demba Seck	dembaseck	1	0	2022	FW	2001	Torino F.C.	ITA	FALSE
South Africa	Melusi Buthelezi	melusibuthelezi	1	0	2022	GK	1998	TS Galaxy F.C.	RSA	TRUE
South Africa	Veli Mothwa	velimothwa	2	0	2022	GK	1991	AmaZulu F.C.	RSA	TRUE
South Africa	Ronwen Williams	ronwenwilliams	28	0	2022	GK	1992	Mamelodi Sundowns F.C.	RSA	TRUE
South Africa	Rushine De Reuck	rushinedereuck	14	0	2022	DF	1996	Mamelodi Sundowns F.C.	RSA	TRUE
South Africa	Grant Kekana	grantkekana	1	0	2022	DF	1992	Mamelodi Sundowns F.C.	RSA	TRUE
South Africa	Nyiko Mobbie	nyikomobbie	9	0	2022	DF	1994	Sekhukhune United F.C.	RSA	TRUE
South Africa	Thapelo Morena	thapelomorena	14	0	2022	DF	1993	Mamelodi Sundowns F.C.	RSA	TRUE
South Africa	Siyanda Msani	siyandamsani	1	0	2022	DF	2001	Richards Bay F.C.	RSA	TRUE
South Africa	Siyanda Xulu	siyandaxulu	16	1	2022	DF	1991	Turan-Tovuz IK	AZE	TRUE
South Africa	Njabulo Blom	njabuloblom	1	0	2022	MF	1999	St Louis City SC	USA	TRUE
South Africa	Luke Le Roux	lukeleroux	2	0	2022	MF	2000	Varbergs BoIS	SWE	TRUE
South Africa	Aubrey Modiba	aubreymodiba	12	2	2022	MF	1995	Mamelodi Sundowns F.C.	RSA	TRUE
South Africa	Teboho Mokoena	tebohomokoena	17	4	2022	MF	1997	Mamelodi Sundowns F.C.	RSA	TRUE
South Africa	Thibang Phete	thibangphete	4	0	2022	MF	1994	Al Bataeh Club	UAE	TRUE
South Africa	Miguel Timm	migueltimm	0	0	2022	MF	1992	Orlando Pirates F.C.	RSA	TRUE
South Africa	Lyle Foster	lylefoster	9	1	2022	FW	2000	K.V.C. Westerlo	BEL	TRUE
South Africa	Fagrie Lakay	fagrielakay	5	0	2022	FW	1997	Pyramids FC	EGY	TRUE
South Africa	Zakhele Lepasa	zakhelelepasa	2	0	2022	FW	1997	Orlando Pirates F.C.	RSA	TRUE
South Africa	Mihlali Mayambela	mihlalimayambela	2	1	2022	FW	1996	Aris Limassol FC	CYP	TRUE
South Africa	Khanyisa Mayo	khanyisamayo	2	0	2022	FW	1998	Cape Town City F.C. (2016)	RSA	TRUE
South Africa	Monnapule Saleng	monnapulesaleng	0	0	2022	FW	1998	Orlando Pirates F.C.	RSA	TRUE
South Africa	Kgaogelo Sekgota	kgaogelosekgota	1	0	2022	FW	1997	Kaizer Chiefs F.C.	RSA	TRUE
South Africa	Themba Zwane	thembazwane	29	6	2022	FW	1989	Mamelodi Sundowns F.C.	RSA	TRUE
South Africa	Bruce Bvuma	brucebvuma	3	0	2022	GK	1995	Kaizer Chiefs F.C.	RSA	FALSE
South Africa	Brandon Peterson	brandonpeterson	0	0	2022	GK	1994	Kaizer Chiefs F.C.	RSA	FALSE
South Africa	Innocent Maela	innocentmaela	12	0	2022	DF	1992	Orlando Pirates F.C.	RSA	FALSE
South Africa	Terrence Mashego	terrencemashego	4	0	2022	DF	1998	Cape Town City F.C. (2016)	RSA	FALSE
South Africa	Lyle Lakay	lylelakay	3	1	2022	DF	1991	Cape Town City F.C. (2016)	RSA	FALSE
South Africa	Siyabonga Ngezana	siyabongangezana	2	0	2022	DF	1997	Kaizer Chiefs F.C.	RSA	FALSE
South Africa	Taariq Fielies	taariqfielies	1	0	2022	DF	1992	Cape Town City F.C. (2016)	RSA	FALSE
South Africa	Luke Fleurs	lukefleurs	0	0	2022	DF	2000	SuperSport United F.C.	RSA	FALSE
South Africa	Thabani Zuke	thabanizuke	0	0	2022	DF	1998	Lamontville Golden Arrows F.C.	RSA	FALSE
South Africa	Athenkosi Mcaba	athenkosimcaba	0	0	2022	DF	2002	Stellenbosch F.C.	RSA	FALSE
South Africa	Khuliso Mudau	khulisomudau	0	0	2022	DF	1995	Mamelodi Sundowns F.C.	RSA	FALSE
South Africa	Bandile Shandu	bandileshandu	0	0	2022	DF	1995	Orlando Pirates F.C.	RSA	FALSE
South Africa	Nkosinathi Sibisi	nkosinathisibisi	1	0	2022	DF	1995	Orlando Pirates F.C.	RSA	FALSE
South Africa	Rivaldo Coetzee	rivaldocoetzee	24	0	2022	DF	1996	Mamelodi Sundowns F.C.	RSA	FALSE
South Africa	Sbonelo Cele	sbonelocele	0	0	2022	DF	2001	Lamontville Golden Arrows F.C.	RSA	FALSE
South Africa	Veluyeke Zulu	veluyekezulu	0	0	2022	DF	1995	Chippa United F.C.	RSA	FALSE
South Africa	Thabang Monare	thabangmonare	2	0	2022	MF	1989	Orlando Pirates F.C.	RSA	FALSE
South Africa	Goodman Mosele	goodmanmosele	0	0	2022	MF	1999	Orlando Pirates F.C.	RSA	FALSE
South Africa	Sphephelo Sithole	sphephelosithole	0	0	2022	MF	1999	B-SAD	POR	FALSE
South Africa	Fortune Makaringe	fortunemakaringe	3	0	2022	MF	1993	Orlando Pirates F.C.	RSA	FALSE
South Africa	Yusuf Maart	yusufmaart	10	3	2022	MF	1995	Mamelodi Sundowns F.C.	RSA	FALSE
South Africa	Lebohang Maboe	lebohangmaboe	6	1	2022	MF	1994	Sekhukhune United F.C.	RSA	FALSE
South Africa	Mduduzi Mdantsane	mduduzimdantsane	1	0	2022	MF	1994	Cape Town City F.C. (2016)	RSA	FALSE
South Africa	Phathutshedzo Nange	phathutshedzonange	0	0	2022	MF	1991	Kaizer Chiefs F.C.	RSA	FALSE
South Africa	Jesse Donn	jessedonn	0	0	2022	MF	1999	SuperSport United F.C.	RSA	FALSE
South Africa	Mothobi Mvala	mothobimvala	9	1	2022	MF	1994	Mamelodi Sundowns F.C.	RSA	FALSE
South Africa	Ethan Brooks	ethanbrooks	8	0	2022	MF	2001	AmaZulu F.C.	RSA	FALSE
South Africa	Pule Mmodi	pulemmodi	0	0	2022	MF	1993	Lamontville Golden Arrows F.C.	RSA	FALSE
South Africa	Percy Tau	percytau	34	13	2022	FW	1994	Al Ahly SC	EGY	FALSE
South Africa	Keagan Dolly	keagandolly	21	3	2022	FW	1993	Kaizer Chiefs F.C.	RSA	FALSE
South Africa	Evidence Makgopa	evidencemakgopa	6	3	2022	FW	2000	Orlando Pirates F.C.	RSA	FALSE
South Africa	Bongokuhle Hlongwane	bongokuhlehlongwane	7	4	2022	FW	2000	Minnesota United FC	USA	FALSE
South Africa	Thembinkosi Lorch	thembinkosilorch	7	1	2022	FW	1993	Orlando Pirates	RSA	FALSE
South Africa	Ashley Du Preez	ashleydupreez	0	0	2022	FW	1997	Kaizer Chiefs F.C.	RSA	FALSE
South Africa	Victor Letsoalo	victorletsoalo	4	4	2022	FW	1993	Sekhukhune United F.C.	RSA	FALSE
Tunisia	Aymen Mathlouthi	aymenmathlouthi	73	0	2022	GK	1984	Étoile Sportive du Sahel	TUN	TRUE
Tunisia	Aymen Dahmen	aymendahmen	8	0	2022	GK	1997	CS Sfaxien	TUN	TRUE
Tunisia	Bechir Ben Saïd	bechirbensaid	10	0	2022	GK	1992	US Monastir (football)	TUN	TRUE
Tunisia	Mouez Hassen	mouezhassen	20	0	2022	GK	1995	Club Africain	TUN	TRUE
Tunisia	Bilel Ifa	bilelifa	37	0	2022	DF	1990	Kuwait SC	KUW	TRUE
Tunisia	Montassar Talbi	montassartalbi	26	1	2022	DF	1998	FC Lorient	FRA	TRUE
Tunisia	Yassine Meriah	yassinemeriah	64	3	2022	DF	1993	Espérance Sportive de Tunis	TUN	TRUE
Tunisia	Nader Ghandri	naderghandri	7	0	2022	DF	1995	Club Africain	TUN	TRUE
Tunisia	Dylan Bronn	dylanbronn	38	2	2022	DF	1995	U.S. Salernitana 1919	ITA	TRUE
Tunisia	Ali Maâloul	alimaaloul	84	2	2022	DF	1990	Al Ahly SC	EGY	TRUE
Tunisia	Mohamed Dräger	mohameddraeger	36	3	2022	DF	1996	FC Luzern	SUI	TRUE
Tunisia	Wajdi Kechrida	wajdikechrida	22	0	2022	DF	1995	Atromitos F.C.	GRE	TRUE
Tunisia	Ali Abdi	aliabdi	13	2	2022	DF	1993	Stade Malherbe Caen	FRA	TRUE
Tunisia	Hannibal Mejbri	hannibalmejbri	20	0	2022	MF	2003	Birmingham City F.C.	ENG	TRUE
Tunisia	Ferjani Sassi	ferjanisassi	80	6	2022	MF	1992	Al-Duhail SC	QAT	TRUE
Tunisia	Aïssa Laïdouni	aissalaidouni	27	1	2022	MF	1996	Ferencvárosi TC	HUN	TRUE
Tunisia	Mohamed Ali Ben Romdhane	mohamedalibenromdhane	24	1	2022	MF	1999	Espérance Sportive de Tunis	TUN	TRUE
Tunisia	Ellyes Skhiri	ellyesskhiri	52	3	2022	MF	1995	1. FC Köln	GER	TRUE
Tunisia	Ghailene Chaalali	ghailenechaalali	32	1	2022	MF	1994	Espérance Sportive de Tunis	TUN	TRUE
Tunisia	Anis Ben Slimane	anisbenslimane	27	4	2022	MF	2001	Brøndby IF	DEN	TRUE
Tunisia	Youssef Msakni	youssefmsakni	90	17	2022	FW	1990	Al-Arabi SC (Qatar)	QAT	TRUE
Tunisia	Issam Jebali	issamjebali	13	2	2022	FW	1991	Odense Boldklub	DEN	TRUE
Tunisia	Wahbi Khazri	wahbikhazri	74	25	2022	FW	1991	Montpellier HSC	FRA	TRUE
Tunisia	Taha Yassine Khenissi	tahayassinekhenissi	50	9	2022	FW	1992	Kuwait SC	KUW	TRUE
Tunisia	Seifeddine Jaziri	seifeddinejaziri	29	10	2022	FW	1993	Zamalek SC	EGY	TRUE
Tunisia	Naïm Sliti	naimsliti	71	14	2022	FW	1992	Ettifaq FC	KSA	TRUE
Tunisia	Mohamed Sedki Debchi	mohamedsedkidebchi	0	0	2022	GK	1999	Espérance Sportive de Tunis	TUN	FALSE
Tunisia	Ali Jemal	alijemal	0	0	2022	GK	1990	Étoile du Sahel	TUN	FALSE
Tunisia	Farouk Ben Mustapha	faroukbenmustapha	43	0	2021	GK	1989	Espérance Sportive de Tunis	TUN	FALSE
Tunisia	Hamza Mathlouthi	hamzamathlouthi	38	1	2022	DF	1992	Zamalek SC	EGY	FALSE
Tunisia	Mortadha Ben Ouanes	mortadhabenouanes	5	0	2022	DF	1994	Kasımpaşa S.K.	TUR	FALSE
Tunisia	Omar Rekik	omarrekik	3	0	2022	DF	2001	Sparta Rotterdam	NED	FALSE
Tunisia	Rami Kaib	ramikaib	2	0	2022	DF	1997	SC Heerenveen	NED	FALSE
Tunisia	Yan Valery	yanvalery	1	0	2022	DF	1999	Angers SCO	FRA	FALSE
Tunisia	Adam Ben Lamin	adambenlamin	1	0	2022	DF	2001	Jönköpings Södra IF	SWE	FALSE
Tunisia	Alaa Ghram	alaaghram	0	0	2022	DF	2001	CS Sfaxien	TUN	FALSE
Tunisia	Oussama Haddadi	oussamahaddadi	29	0	2022	DF	1992	Yeni Malatyaspor	TUR	FALSE
Tunisia	Mohamed Amine Ben Hamida	mohamedaminebenhamida	6	0	2021	DF	1995	Espérance Sportive de Tunis	TUN	FALSE
Tunisia	Saîf-Eddine Khaoui	saifeddinekhaoui	28	4	2022	MF	1995	Clermont Foot	FRA	FALSE
Tunisia	Chaïm El Djebali	chaimeldjebali	1	0	2022	MF	2004	Olympique Lyonnais Reserves and Academy	FRA	FALSE
Tunisia	Firas Ben Larbi	firasbenlarbi	10	2	2022	MF	1996	Ajman Club	UAE	FALSE
Tunisia	Mootez Zaddem	mootezzaddem	2	0	2022	MF	2001	Valmiera FC	LAT	FALSE
Tunisia	Saad Bguir	saadbguir	20	5	2022	MF	1994	Abha Club	KSA	FALSE
Tunisia	Hamza Rafia	hamzarafia	18	0	2021	MF	1999	Standard Liège	BEL	FALSE
Tunisia	Sayfallah Ltaief	sayfallahltaief	1	0	2022	FW	2000	FC Basel	SUI	FALSE
Tunisia	Elias Achouri	eliasachouri	2	0	2022	FW	1999	GD Estoril Praia	POR	FALSE
Tunisia	Yoann Touzghar	yoanntouzghar	6	1	2021	FW	1986	ES Troyes AC	FRA	FALSE
Uganda	Charles Lukwago	charleslukwago	23	0	2022	GK	1992	Saint George S.C.	ETH	TRUE
Uganda	Nafian Alionzi	nafianalionzi	1	0	2022	GK	1996	Uganda Revenue Authority SC	UGA	TRUE
Uganda	Giosue Bellagambi	giosuebellagambi	0	0	2022	GK	2001	Spennymoor Town F.C.	ENG	TRUE
Uganda	Isaac Muleme	isaacmuleme	49	0	2022	DF	1992	FK Viktoria Žižkov	CZE	TRUE
Uganda	Timothy Awany	timothyawany	40	0	2022	DF	1996	F.C. Ashdod	ISR	TRUE
Uganda	Allan Kyambadde	allankyambadde	26	1	2022	DF	1996	El Dakhleya SC	EGY	TRUE
Uganda	Halid Lwaliwa	halidlwaliwa	22	1	2022	DF	1996	FK Bregalnica Štip	MNE	TRUE
Uganda	Bevis Mugabi	bevismugabi	15	0	2022	DF	1995	Motherwell F.C.	SCO	TRUE
Uganda	Aziz Kayondo	azizkayondo	12	0	2022	DF	2002	Real Monarchs	USA	TRUE
Uganda	Enock Walusimbi	enockwalusimbi	9	0	2022	DF	1998	Peterhead F.C.	SCO	TRUE
Uganda	Gavin Kizito	gavinkizito	7	0	2022	DF	2002	Al Ittihad Alexandria Club	EGY	TRUE
Uganda	Elvis Bwomono	elvisbwomono	2	0	2022	DF	1998	ÍBV men's football	ISL	TRUE
Uganda	Livingstone Mulondo	livingstonemulondo	2	0	2022	DF	1996	Vipers SC	UGA	TRUE
Uganda	James Begisa	jamesbegisa	1	0	2022	DF	2002	Proline FC	UGA	TRUE
Uganda	Musa Ramathan	musaramathan	0	0	2022	DF	2001	FC Cincinnati	USA	TRUE
Uganda	Farouk Miya	faroukmiya	74	23	2022	MF	1997	Çaykur Rizespor	TUR	TRUE
Uganda	Khalid Aucho	khalidaucho	62	2	2022	MF	1993	Young Africans S.C.	TAN	TRUE
Uganda	Muzamiru Mutyaba	muzamirumutyaba	40	4	2022	MF	1993	Express FC	UGA	TRUE
Uganda	Allan Okello	allanokello	21	3	2022	MF	2000	Kampala Capital City Authority FC	UGA	TRUE
Uganda	Bobosi Byaruhanga	bobosibyaruhanga	13	0	2022	MF	2001	MFK Vyškov	CZE	TRUE
Uganda	Steven Sserwadda	stevensserwadda	3	0	2022	MF	2002	New York Red Bulls	USA	TRUE
Uganda	Marvin Youngman	marvinyoungman	3	0	2022	MF	1998	Vipers SC	UGA	TRUE
Uganda	Hakim Kiwanuka	hakimkiwanuka	1	0	2022	MF		Proline FC	UGA	TRUE
Uganda	Emmanuel Okwi	emmanuelokwi	91	28	2022	FW	1992	Al-Zawraa	IRQ	TRUE
Uganda	Milton Karisa	miltonkarisa	38	5	2022	FW	1995	Vipers SC	UGA	TRUE
Uganda	Muhammad Shaban	muhammadshaban	19	0	2022	FW	1998	Kampala Capital City Authority FC	UGA	TRUE
Uganda	Fahad Bayo	fahadbayo	18	7	2022	FW	1998	F.C. Ashdod	ISR	TRUE
Uganda	Martin Kizza	martinkizza	17	0	2022	FW	1997	Express FC	UGA	TRUE
Uganda	Rogers Mato	rogersmato	6	0	2022	FW	1998	Kampala Capital City Authority FC	UGA	TRUE
Uganda	Derrick Kakooza	derrickkakooza	3	0	2022	FW	2002	Valmiera FC	LAT	TRUE
Uganda	Sadat Anaku	sadatanaku	0	0	2022	FW	2000	Dundee United F.C.	SCO	TRUE
Uganda	Najib Yiga	najibyiga	0	0	2022	FW	2002	Vipers SC	UGA	TRUE
Uganda	Benjamin Ochan	benjaminochan	18	0	2022	GK	1989	Kampala Capital City Authority FC	UGA	FALSE
Uganda	Ismail Watenga	ismailwatenga	26	0	2022	GK	1995	Marumo Gallants F.C.	RSA	FALSE
Uganda	Joel Mutakubwa	joelmutakubwa	2	0	2022	GK	1994	Express FC	UGA	FALSE
Uganda	Jack Komakech	jackkomakech	0	0	2022	GK	2002	Vipers SC	UGA	FALSE
Uganda	Mathias Kigonya	mathiaskigonya	5	0	2021	GK	1996	'Free agent''		FALSE
Uganda	Herbert Achai	herbertachai	2	0	2022	DF	1999	Kampala Capital City Authority FC	UGA	FALSE
Uganda	Hassan Jurua	hassanjurua	0	0	2022	DF	2000	Kampala Capital City Authority FC	UGA	FALSE
Uganda	Innocent Wafula	innocentwafula	3	0	2022	DF	1996	Kampala Capital City Authority FC	UGA	FALSE
Uganda	Eric Ssenjobe	ericssenjobe	1	0	2022	DF	1999	Police FC (Uganda)	UGA	FALSE
Uganda	Kenneth Semakula	kennethsemakula	0	0	2022	DF	2002	SC Villa	UGA	FALSE
Uganda	Denis Iguma	denisiguma	70	1	2022	DF	1994	Kampala Capital City Authority FC	UGA	FALSE
Uganda	Ibrahim Juma	ibrahimjuma	12	3	2022	DF	1993	Kampala Capital City Authority FC	UGA	FALSE
Uganda	John Revita	johnrevita	12	0	2022	DF	1992	Kampala Capital City Authority FC	UGA	FALSE
Uganda	Najib Fesali	najibfesali	2	0	2022	DF	1999	Uganda Revenue Authority SC	UGA	FALSE
Uganda	Geriga Atendele	gerigaatendele	0	0	2022	DF	1995	Arua Hill Sports Club	UGA	FALSE
Uganda	Joseph Bright Vuni	josephbrightvuni	0	0	2022	DF		Arua Hill Sports Club	UGA	FALSE
Uganda	Benjamin Nyakojjo	benjaminnyakojjo	0	0	2022	DF		Uganda Revenue Authority SC	UGA	FALSE
Uganda	Geoffrey Wasswa	geoffreywasswa	0	0	2021	DF	1996	SC Villa	UGA	FALSE
Uganda	Mustafa Kizza	mustafakizza	16	4	2021	DF	1999	F.C. Arouca	POR	FALSE
Uganda	Paul Willa	paulwilla	14	0	2021	DF	1999	'Free agent''		FALSE
Uganda	Joseph Ochaya	josephochaya	57	2	2021	DF	1993	Al Mokawloon Al Arab SC	EGY	FALSE
Uganda	Murushid Juuko	murushidjuuko	43	1	2021	DF	1994	Vipers SC	UGA	FALSE
Uganda	Moses Waiswa	moseswaiswa	23	1	2022	MF	1997	Kampala Capital City Authority FC	UGA	FALSE
Uganda	Bright Anukani	brightanukani	14	3	2022	MF	2000	Vipers SC	UGA	FALSE
Uganda	George Kasonko	georgekasonko	5	0	2022	MF	1998	Bul FC	UGA	FALSE
Uganda	Ashraf Mugume	ashrafmugume	4	0	2022	MF	1998	Kampala Capital City Authority FC	UGA	FALSE
Uganda	Chris Akena	chrisakena	2	0	2022	MF	2002	Shabab Al Ahli Club	UAE	FALSE
Uganda	Saidi Kyeyune	saidikyeyune	20	3	2022	MF	1993	Uganda Revenue Authority SC	UGA	FALSE
Uganda	Shafiq Kagimu	shafiqkagimu	19	0	2022	MF	1998	Uganda Revenue Authority SC	UGA	FALSE
Uganda	Mahad Kakooza	mahadkakooza	0	0	2022	MF	1998	Express FC	UGA	FALSE
Uganda	Julius Poloto	juliuspoloto	1	0	2021	MF	1999	Kampala Capital City Authority FC	UGA	FALSE
Uganda	Taddeo Lwanga	taddeolwanga	22	1	2021	MF	1994	AS Arta/Solar7	DJI	FALSE
Uganda	Yunus Sentamu	yunussentamu	31	5	2022	FW	1994	Vipers SC	UGA	FALSE
Uganda	Patrick Kaddu	patrickkaddu	21	9	2022	FW	1995	Kampala Capital City Authority FC	UGA	FALSE
Uganda	Steven Mukwala	stevenmukwala	11	0	2022	FW	1999	Asante Kotoko SC	GHA	FALSE
Uganda	Ibrahim Orit	ibrahimorit	9	2	2022	FW	1998	Vipers SC	UGA	FALSE
Uganda	Travis Mutyaba	travismutyaba	3	0	2022	FW	2005	SC Villa	UGA	FALSE
Uganda	Alfred Leku	alfredleku	1	0	2022	FW	1997	Arua Hill Sports Club	UGA	FALSE
Uganda	Cromwell Rwothomio	cromwellrwothomio	1	0	2022	FW	2000	Uganda Revenue Authority SC	UGA	FALSE
Uganda	Musa Esenu	musaesenu	0	0	2022	FW		Bul FC	UGA	FALSE
Uganda	Amos Kirya	amoskirya	0	0	2022	FW		Gaddafi FC	UGA	FALSE
Uganda	Titus Sematimba	titussematimba	0	0	2022	FW		Wakiso Giants FC	UGA	FALSE
Uganda	Derrick Nsibambi	derricknsibambi	25	7	2021	FW	1994	Uganda Revenue Authority SC	UGA	FALSE
Zambia	Toaster Nsabata	toasternsabata	34	0	2022	GK	1993	Sekhukhune United F.C.	RSA	TRUE
Zambia	Charles Kalumba	charleskalumba	4	0	2022	GK	1996	Red Arrows F.C.	ZAM	TRUE
Zambia	Lawrence Mulenga	lawrencemulenga	0	0	2022	GK	1998	Power Dynamos F.C.	ZAM	TRUE
Zambia	Benedict Chepeshi	benedictchepeshi	33	0	2022	DF	1996	Red Arrows F.C.	ZAM	TRUE
Zambia	Dominic Chanda	dominicchanda	23	1	2022	DF	1996	Kabwe Warriors F.C.	ZAM	TRUE
Zambia	Tandi Mwape	tandimwape	20	1	2022	DF	1996	TP Mazembe	COD	TRUE
Zambia	Shemmy Mayembe	shemmymayembe	11	0	2022	DF	1997	ZESCO United F.C.	ZAM	TRUE
Zambia	Luka Chamanga	lukachamanga	5	0	2022	DF	1991	Power Dynamos F.C.	ZAM	TRUE
Zambia	Allan Kapila	allankapila	5	0	2022	DF	1995	Red Arrows F.C.	ZAM	TRUE
Zambia	Frankie Musonda	frankiemusonda	4	1	2022	DF	1997	Ayr United F.C.	SCO	TRUE
Zambia	Miguel Chaiwa	miguelchaiwa	1	0	2022	DF	2004	BSC Young Boys	SUI	TRUE
Zambia	Kelvin Kampamba	kelvinkampamba	37	6	2022	MF	1996	ZESCO United F.C.	ZAM	TRUE
Zambia	Rodrick Kabwe	rodrickkabwe	34	0	2022	MF	1992	Sekhukhune United F.C.	RSA	TRUE
Zambia	Clatous Chama	clatouschama	30	5	2022	MF	1991	Simba S.C.	TAN	TRUE
Zambia	Kings Kangwa	kingskangwa	15	3	2022	MF	1999	Red Star Belgrade	SER	TRUE
Zambia	Emmanuel Banda	emmanuelbanda	14	0	2022	MF	1997	Djurgårdens IF Fotboll	SWE	TRUE
Zambia	Edward Chilufya	edwardchilufya	6	0	2022	MF	1999	FC Midtjylland	DEN	TRUE
Zambia	Patson Daka	patsondaka	31	9	2022	FW	1998	Leicester City F.C.	ENG	TRUE
Zambia	Evans Kangwa	evanskangwa	31	4	2022	FW	1992	FC Arsenal Tula	RUS	TRUE
Zambia	Fashion Sakala	fashionsakala	19	6	2022	FW	1997	Rangers F.C.	SCO	TRUE
Zambia	Ricky Banda	rickybanda	5	1	2022	FW	2001	Red Arrows F.C.	ZAM	TRUE
Zambia	Cyril Chibwe	cyrilchibwe	12	0	2022	GK	1993	ZESCO United F.C.	ZAM	FALSE
Zambia	Kelvin Malunga	kelvinmalunga	0	0	2022	GK	1994	Nkana F.C.	ZAM	FALSE
Zambia	Prosper Chiluya	prosperchiluya	12	0	2022	DF	1998	Red Arrows F.C.	ZAM	FALSE
Zambia	Aimé Mabika	aimemabika	1	0	2022	DF	1998	Inter Miami CF	USA	FALSE
Zambia	Donashano Malama	donashanomalama	38	1	2022	DF	1991	ZESCO United F.C.	ZAM	FALSE
Zambia	Simon Silwimba	simonsilwimba	24	1	2022	DF	1991	ZESCO United F.C.	ZAM	FALSE
Zambia	Solomon Sakala	solomonsakala	12	0	2022	DF	1997	ZESCO United F.C.	ZAM	FALSE
Zambia	Lubambo Musonda	lubambomusonda	41	2	2022	MF	1995	AC Horsens	DEN	FALSE
Zambia	Spencer Sautu	spencersautu	34	4	2022	MF	1994	Power Dynamos F.C.	ZAM	FALSE
Zambia	Prince Mumba	princemumba	11	1	2022	MF	2001	NK Istra 1961	CRO	FALSE
Zambia	Larry Bwalya	larrybwalya	7	0	2022	MF	1995	Simba S.C.	TAN	FALSE
Zambia	Lameck Banda	lameckbanda	4	0	2022	MF	2001	U.S. Lecce	ITA	FALSE
Zambia	Enock Mwepu	enockmwepu	24	6	2022	MF	1998	'Retired''		FALSE
Zambia	Harrison Chisala	harrisonchisala	2	0	2022	MF	1997	Nkana F.C.	ZAM	FALSE
Zambia	Chanda Mukuka	chandamukuka	0	0	2022	MF	2000	ZESCO United F.C.	ZAM	FALSE
Zambia	Gamphani Lungu	gamphanilungu	15	0	2022	FW	1998	SuperSport United F.C.	RSA	FALSE
Zambia	Alex Ngonga	alexngonga	20	1	2022	FW	1992	Nkana F.C.	ZAM	FALSE
Zambia	Albert Kangwanda	albertkangwanda	7	2	2022	FW	1999	Kafue Celtic F.C.	ZAM	FALSE
Zambia	Patrick Gondwe	patrickgondwe	7	0	2022	FW	2002	Nkana F.C.	ZAM	FALSE
Zambia	Derrick Bulaya	derrickbulaya	1	0	2022	FW	2003	Green Eagles F.C.	ZAM	FALSE
Madagascar	Mamisoa Razafindrakoto	mamisoarazafindrakoto	63	0	2011					FALSE
Madagascar	Jimmy Radafison	jimmyradafison	49	0	2011					FALSE
Madagascar	Faneva Imà Andriatsima	fanevaimaandriatsima	47	14	2019					FALSE
Madagascar	Eric-Julien Rakotondrabe	ericjulienrakotondrabe	47	0	2011					FALSE
Madagascar	Harry Randrianaivo	harryrandrianaivo	21	11	2003					FALSE
Madagascar	Ruphin Menakely	ruphinmenakely	25	10	2003					FALSE
Madagascar	Rado Rasoanaivo	radorasoanaivo	40	8	2003					FALSE
Madagascar	Praxis Rabemananjara	praxisrabemananjara	16	5	2008					FALSE
Gabon	Didier Ovono	didierovono	112	0	2019					FALSE
Gabon	François Amégasse	francoisamegasse	110	9	2000					FALSE
Gabon	Etienne Kassa-Ngoma	etiennekassangoma	92	7	1997					FALSE
Gabon	Cédric Moubamba	cedricmoubamba	86	2	2012					FALSE
Gabon	Valéry Ondo	valeryondo	80	12	2001					FALSE
Gabon	Nzué Nguema	nzuenguema	77	23	2005					FALSE
Gabon	Germain Mendome	germainmendome	72	0	2000					FALSE
Gabon	Guy Roger Nzamba	guyrogernzamba	47	21	2000					FALSE
Gabon	Michel Minko	michelminko	41	14	1990					FALSE
Gabon	Brice Mackaya	bricemackaya	43	13	1999					FALSE
Gabon	Daniel Cousin	danielcousin	60	13	2014					FALSE
Gabon	Bruno Zita Mbanangoyé	brunozitambanangoye	68	11	2012					FALSE
Gabon	Etienne Bito'o	etiennebitoo	18	9	2015					FALSE
Zambia	David Chabala	davidchabala	115	0	1993					FALSE
Zambia	Godfrey Chitalu	godfreychitalu	111	79	1980					FALSE
Zambia	Joseph Musonda	josephmusonda	108	0	2014					FALSE
Zambia	Christopher Katongo	christopherkatongo	103	23	2016					FALSE
Zambia	Alex Chola	alexchola	102	43	1985					FALSE
Zambia	Elijah Tana	elijahtana	101	4	2009					FALSE
Zambia	Derby Makinka	derbymakinka	98	10	1993					FALSE
Zambia	Kalusha Bwalya	kalushabwalya	87	39	2004					FALSE
Zambia	Bernard Chanda	bernardchanda	68	29	1980					FALSE
Zambia	Collins Mbesuma	collinsmbesuma	65	22	2017					FALSE
Zambia	Dennis Lota	dennislota	78	21	2002					FALSE
Zambia	Kenneth Malitoli	kennethmalitoli	80	19	1999					FALSE
Zambia	James Chamanga	jameschamanga	63	17	2015					FALSE
Benin	Stéphane Sessègnon	stephanesessegnon	83	24	2019					FALSE
Benin	Damien Chrysostome	damienchrysostome	58	0	2011					FALSE
Benin	Jocelyn Ahouéya	jocelynahoueya	55	3	2013					FALSE
Benin	Razak Omotoyossi	razakomotoyossi	55	21	2016					FALSE
Benin	Romuald Boco	romualdboco	52	1	2013					FALSE
Benin	Séïdath Tchomogo	seidathtchomogo	51	4	2014					FALSE
Benin	Anicet Adjamossi	anicetadjamossi	48	5	2013					FALSE
Benin	Oumar Tchomogo	oumartchomogo	34	15	2008					FALSE
Benin	Moussa Latoundji	moussalatoundji	21	6	2004					FALSE
Benin	Mouritala Ogunbiyi	mouritalaogunbiyi	47	6	2019					FALSE
Benin	Léon Bessan	leonbessan	20	5	2007					FALSE
Uganda	Godfrey Walusimbi	godfreywalusimbi	105	3	2019					FALSE
Uganda	Simeon Masaba	simeonmasaba	88	6	2013					FALSE
Uganda	Denis Onyango	denisonyango	82	0	2021					FALSE
Uganda	Hassan Wasswa	hassanwasswa	81	0	2019					FALSE
Uganda	Andrew Mwesigwa	andrewmwesigwa	75	7	2014					FALSE
Uganda	Geoffrey Massa	geoffreymassa	72	22	2017					FALSE
Uganda	Hassan Mubiru	hassanmubiru	63	18	2007					FALSE
Uganda	David Obua	davidobua	58	14	2011					FALSE
Uganda	Geoffrey Sserunkuma	geoffreysserunkuma	54	14	2017					FALSE
Uganda	Brian Umony	brianumony	36	12	2015					FALSE
Uganda	Philip Obwiny	philipobwiny	47	9	2003					FALSE
Uganda	Caesar Okhuti	caesarokhuti	31	8	2016					FALSE
Uganda	George Ssemogerere	georgessemogerere	31	8	2001					FALSE
Uganda	Robert Ssentongo	robertssentongo	45	8	2016					FALSE
Uganda	Dan Wagaluka	danwagaluka	62	8	2012					FALSE
Guinea	Pascal Feindouno	pascalfeindouno	85	30	2012					FALSE
Guinea	Ousmane N'Gom Camara	ousmanengomcamara	73	2	2005					FALSE
Guinea	Kémoko Camara	kemokocamara	71	0	2013					FALSE
Guinea	Morlaye Soumah	morlayesoumah	69	2	2004					FALSE
Guinea	Chérif Souleymane	cherifsouleymane	68	20	1977					FALSE
Guinea	Dianbobo Baldé	dianbobobalde	67	2	2012					FALSE
Guinea	Naby Yattara	nabyyattara	61	0	2019					FALSE
Guinea	Fodé Mansaré	fodemansare	60	8	2010					FALSE
Guinea	Titi Camara	titicamara	57	27	2004					FALSE
Guinea	Ibrahima Kandia Diallo	ibrahimakandiadiallo	56	33	1973					FALSE
Guinea	Mamadou Aliou Keïta	mamadoualioukeita	31	22	1981					FALSE
Guinea	Souleymane Youla	souleymaneyoula	40	19	2009					FALSE
Guinea	Ismaël Bangoura	ismaelbangoura	52	13	2015					FALSE
Guinea	Petit Sory	petitsory	36	12	1977					FALSE
Cabo Verde	Babanco	babanco	62	5	2019					FALSE
Cabo Verde	Héldon	heldon	52	15	2019					FALSE
Cabo Verde	Fernando Varela	fernandovarela	52	3	2019					FALSE
Cabo Verde	Lito	lito	47	7	2012					FALSE
Cabo Verde	Nando	nando	42	0	2013					FALSE
Cabo Verde	Caló	calo	27	11	2007					FALSE
Cabo Verde	Toni	toni	11	5	2002					FALSE
Cabo Verde	Cafú	cafu	15	5	2007					FALSE
Cabo Verde	Dady	dady	23	5	2012					FALSE
Cabo Verde	Odaïr Fortes	odairfortes	29	5	2016					FALSE
South Africa	Aaron Mokoena	aaronmokoena	107	1	2010					FALSE
South Africa	Siphiwe Tshabalala	siphiwetshabalala	89	12	2017					FALSE
South Africa	Siyabonga Nomvethe	siyabonganomvethe	82	16	2012					FALSE
South Africa	Benni McCarthy	bennimccarthy	81	31	2012					FALSE
South Africa	Shaun Bartlett	shaunbartlett	74	28	2005					FALSE
South Africa	John Moshoeu	johnmoshoeu	73	8	2004					FALSE
South Africa	Delron Buckley	delronbuckley	72	10	2008					FALSE
South Africa	Bernard Parker	bernardparker	72	23	2015					FALSE
South Africa	Lucas Radebe	lucasradebe	70	2	2003					FALSE
South Africa	Katlego Mphela	katlegomphela	53	23	2013					FALSE
South Africa	Phil Masinga	philmasinga	58	19	2001					FALSE
South Africa	Sibusiso Zuma	sibusisozuma	67	13	2008					FALSE
South Africa	Tokelo Rantie	tokelorantie	41	12	2017					FALSE
Mali	Seydou Keita	seydoukeita	102	25	2015					FALSE
Mali	Mahamadou Sidibé	mahamadousidibe	97	0	2010					FALSE
Mali	Bassala Touré	bassalatoure	95	17	2008					FALSE
Mali	Adama Tamboura	adamatamboura	89	0	2015					FALSE
Mali	Adama Coulibaly	adamacoulibaly	85	1	2014					FALSE
Mali	Soumaila Coulibaly	soumailacoulibaly	83	14	2009					FALSE
Mali	Mahamadou Diarra	mahamadoudiarra	73	7	2012					FALSE
Mali	Modibo Maïga	modibomaiga	58	12	2016					FALSE
Mali	Ousmane Farota	ousmanefarota	57	0	1997					FALSE
Mali	Fousseni Diawara	foussenidiawara	56	0	2015					FALSE
Mali	Frédéric Kanouté	frederickanoute	39	23	2010					FALSE
Mali	Cheick Diabaté	cheickdiabate	38	15	2016					FALSE
Mali	Yaya Dissa	yayadissa	42	14	2001					FALSE
Mali	Salif Keïta	salifkeita	26	11	1972					FALSE
Mali	Mahamadou Dissa	mahamadoudissa	35	10	2008					FALSE
Mali	Mamadou Diallo	mamadoudiallo	45	10	2010					FALSE
Ghana	Asamoah Gyan	asamoahgyan	109	51	2019					FALSE
Ghana	Richard Kingson	richardkingson	93	1	2011					FALSE
Ghana	John Paintsil	johnpaintsil	91	0	2013					FALSE
Ghana	Harrison Afful	harrisonafful	86	0	2018					FALSE
Ghana	Sulley Muntari	sulleymuntari	84	20	2014					FALSE
Ghana	John Mensah	johnmensah	81	3	2012					FALSE
Ghana	Emmanuel Agyemang-Badu	emmanuelagyemangbadu	78	11	2017					FALSE
Ghana	Kwadwo Asamoah	kwadwoasamoah	74	4	2019					FALSE
Ghana	Edward Acquah	edwardacquah	41	45	1964					FALSE
Ghana	Kwasi Owusu	kwasiowusu	45	36	1976					FALSE
Ghana	Tony Yeboah	tonyyeboah	59	29	1997					FALSE
Ghana	Karim Abdul Razak	karimabdulrazak	62	25	1988					FALSE
Ghana	Wilberforce Mfum	wilberforcemfum	26	20	1968					FALSE
Ghana	Osei Kofi	oseikofi	25	19	1973					FALSE
Ghana	Abedi Pele	abedipele	73	19	1998					FALSE
Cameroon	Rigobert Song	rigobertsong	137	5	2010					FALSE
Cameroon	Samuel Eto'o	samueletoo	118	56	2014					FALSE
Cameroon	Geremi Njitap	gereminjitap	118	13	2010					FALSE
Cameroon	Emmanuel Kundé	emmanuelkunde	102	17	1992					FALSE
Cameroon	Jacques Songo'o	jacquessongoo	80	0	2002					FALSE
Cameroon	Roger Milla	rogermilla	77	43	1994					FALSE
Cameroon	François Omam-Biyik	francoisomambiyik	73	26	1998					FALSE
Cameroon	Carlos Kameni	carloskameni	73	0	2019					FALSE
Cameroon	Patrick M'Boma	patrickmboma	55	33	2004					FALSE
Cameroon	Alphonse Tchami	alphonsetchami	57	21	1998					FALSE
Cameroon	Pierre Webó	pierrewebo	59	19	2014					FALSE
Cameroon	André Kana-Biyik	andrekanabiyik	59	15	1994					FALSE
Egypt	Hossam Hassan	hossamhassan	176	68	2006					FALSE
Egypt	Essam El Hadary	essamelhadary	159	0	2018					FALSE
Egypt	Ibrahim Hassan	ibrahimhassan	131	14	2002					FALSE
Egypt	Hany Ramzy	hanyramzy	123	3	2003					FALSE
Egypt	Wael Gomaa	waelgomaa	114	1	2013					FALSE
Egypt	Ahmed El Kass	ahmedelkass	112	25	1997					FALSE
Egypt	Abdel Zaher El Sakka	abdelzaherelsakka	112	4	2010					FALSE
Egypt	Rabie Yassin	rabieyassin	109	1	1991					FALSE
Egypt	Hassan El Shazly	hassanelshazly	62	42	1975					FALSE
Egypt	Mohamed Abou Trika	mohamedaboutrika	100	38	2013					FALSE
Egypt	Amr Zaki	amrzaki	63	30	2013					FALSE
Egypt	Emad Moteab	emadmoteab	70	28	2015					FALSE
Egypt	Mahmoud El Khatib	mahmoudelkhatib	54	24	1986					FALSE
Egypt	Gamal Abdel Hamid	gamalabdelhamid	79	24	1993					FALSE
Burkina Faso	Jonathan Pitroipa	jonathanpitroipa	84	19	2019					FALSE
Burkina Faso	Moumouni Dagano	moumounidagano	83	34	2013					FALSE
Burkina Faso	Bakary Koné	bakarykone	83	0	2019					FALSE
Burkina Faso	Aristide Bancé	aristidebance	79	24	2019					FALSE
Burkina Faso	Saïdou Panandétiguiri	saidoupanandetiguiri	66	2	2013					FALSE
Burkina Faso	Mamadou Zongo	mamadouzongo	30	13	2013					FALSE
Burkina Faso	Amadou Touré	amadoutoure	30	10	2006					FALSE
Burkina Faso	Oumar Barro	oumarbarro	48	10	2003					FALSE
Burkina Faso	Alassane Ouédraogo	alassaneouedraogo	33	7	2007					FALSE
Nigeria	Vincent Enyeama	vincentenyeama	101	0	2015					FALSE
Nigeria	Joseph Yobo	josephyobo	101	7	2014					FALSE
Nigeria	Mikel John Obi	mikeljohnobi	91	6	2019					FALSE
Nigeria	Nwankwo Kanu	nwankwokanu	86	13	2011					FALSE
Nigeria	Mudashiru Lawal	mudashirulawal	86	11	1985					FALSE
Nigeria	Jay-Jay Okocha	jayjayokocha	73	14	2006					FALSE
Nigeria	Stephen Keshi	stephenkeshi	68	9	1998					FALSE
Nigeria	Peter Rufai	peterrufai	66	1	1998					FALSE
Nigeria	Peter Odemwingie	peterodemwingie	65	11	2014					FALSE
Nigeria	Rashidi Yekini	rashidiyekini	62	37	1998					FALSE
Nigeria	Segun Odegbami	segunodegbami	47	22	1981					FALSE
Nigeria	Yakubu Aiyegbeni	yakubuaiyegbeni	58	21	2012					FALSE
Nigeria	Ikechukwu Uche	ikechukwuuche	46	19	2014					FALSE
Nigeria	Obafemi Martins	obafemimartins	42	18	2015					FALSE
Nigeria	Samson Siasia	samsonsiasia	49	17	1998					FALSE
Nigeria	Asuquo Ekpe	asuquoekpe	28	14	1966					FALSE
Nigeria	Julius Aghahowa	juliusaghahowa	32	14	2007					FALSE
Ivory Coast	Didier Zokora	didierzokora	123	1	2014					FALSE
Ivory Coast	Kolo Touré	kolotoure	120	7	2015					FALSE
Ivory Coast	Didier Drogba	didierdrogba	105	65	2014					FALSE
Ivory Coast	Yaya Touré	yayatoure	102	19	2015					FALSE
Ivory Coast	Siaka Tiéné	siakatiene	100	2	2015					FALSE
Ivory Coast	Salomon Kalou	salomonkalou	96	27	2017					FALSE
Ivory Coast	Abdoulaye Traoré	abdoulayetraore	90	49	1996					FALSE
Ivory Coast	Arthur Boka	arthurboka	88	1	2015					FALSE
Ivory Coast	Djohan Tiéhi	djohantiehi	50	28	1999					FALSE
Ivory Coast	Ibrahima Bakayoko	ibrahimabakayoko	39	22	2002					FALSE
Ivory Coast	Laurent Pokou	laurentpokou	30	21	1980					FALSE
Ivory Coast	Aruna Dindane	arunadindane	62	18	2010					FALSE
Ivory Coast	Wilfried Bony	wilfriedbony	58	17	2019					FALSE
Algeria	Lakhdar Belloumi	lakhdarbelloumi	100	28	1989					FALSE
Algeria	Rabah Madjer	rabahmadjer	86	28	1992					FALSE
Algeria	Billel Dziri	billeldziri	81	9	2005					FALSE
Algeria	Abdelhafid Tasfaout	abdelhafidtasfaout	80	36	2002					FALSE
Algeria	Djamel Menad	djamelmenad	79	25	1995					FALSE
Algeria	Mahieddine Meftah	mahieddinemeftah	77	4	2002					FALSE
Algeria	Tedj Bensaoula	tedjbensaoula	52	20	1986					FALSE
Tunisia	Radhi Jaïdi	radhijaidi	105	7	2009					FALSE
Tunisia	Chokri El Ouaer	chokrielouaer	97	0	2002					FALSE
Tunisia	Khaled Badra	khaledbadra	96	10	2006					FALSE
Tunisia	Khaled Ben Yahia	khaledbenyahia	95	5	1993					FALSE
Tunisia	Kaies Ghodhbane	kaiesghodhbane	95	6	2006					FALSE
Tunisia	Riadh Bouazizi	riadhbouazizi	92	3	2006					FALSE
Tunisia	Tarak Dhiab	tarakdhiab	89	12	1990					FALSE
Tunisia	Sadok Sassi	sadoksassi	87	0	1978					FALSE
Tunisia	Mohamed Ali Mahjoubi	mohamedalimahjoubi	86	17	1995					FALSE
Tunisia	Issam Jemâa	issamjemaa	84	36	2014					FALSE
Tunisia	Francileudo Santos	francileudosantos	41	22	2008					FALSE
Tunisia	Adel Sellimi	adelsellimi	80	20	2002					FALSE
Tunisia	Faouzi Rouissi	faouzirouissi	42	18	2001					FALSE
Tunisia	Mohamed Salah Jedidi	mohamedsalahjedidi	32	15	1965					FALSE
Tunisia	Hassen Gabsi	hassengabsi	50	14	2002					FALSE
Tunisia	Zied Jaziri	ziedjaziri	63	14	2007					FALSE
Morocco	Noureddine Naybet	noureddinenaybet	115	4	2006					FALSE
Morocco	Ahmed Faras	ahmedfaras	94	36	1979					FALSE
Morocco	Youssef Safri	youssefsafri	79	8	2009					FALSE
Morocco	Houssine Kharja	houssinekharja	78	12	2015					FALSE
Morocco	Ezzaki Badou	ezzakibadou	78	0	1992					FALSE
Morocco	Abdelmajid Dolmy	abdelmajiddolmy	76	2	1988					FALSE
Morocco	Youssef Chippo	youssefchippo	73	9	2006					FALSE
Morocco	Mohamed Hazzaz	mohamedhazzaz	73	0	1979					FALSE
Morocco	Abdelkrim El Hadrioui	abdelkrimelhadrioui	72	4	2001					FALSE
Morocco	Salaheddine Bassir	salaheddinebassir	59	27	2002					FALSE
Morocco	Abdeljalil Hadda	abdeljalilhadda	48	19	2002					FALSE
Morocco	Hassan Amcharrat	hassanamcharrat	39	18	1979					FALSE
Morocco	Marouane Chamakh	marouanechamakh	65	18	2014					FALSE
Morocco	Abdeslam Laghrissi	abdeslamlaghrissi	35	17	1995					FALSE
Morocco	Youssouf Hadji	youssoufhadji	64	16	2012					FALSE
Senegal	Henri Camara	henricamara	99	29	2008					FALSE
Senegal	Roger Mendy	rogermendy	87	3	1995					FALSE
Senegal	Tony Sylva	tonysylva	83	0	2008					FALSE
Senegal	Jules Bocandé	julesbocande	73	20	1993					FALSE
Senegal	Lamine Diatta	laminediatta	71	4	2008					FALSE
Senegal	El Hadji Diouf	elhadjidiouf	70	24	2008					FALSE
Senegal	Mamadou Niang	mamadouniang	54	20	2012					FALSE
Senegal	Moussa Sow	moussasow	50	18	2018					FALSE
Senegal	Papiss Cissé	papisscisse	36	17	2015					FALSE
Senegal	Mamadou Diallo	mamadoudiallo	35	15	1999					FALSE
Senegal	Moussa Konaté	moussakonate	34	12	2019					FALSE
Senegal	Souleymane Sané	souleymanesane	23	11	1997					FALSE
Senegal	Papa Bouba Diop	papaboubadiop	63	11	2008					FALSE